{"stats":{"minecraft:used":{"minecraft:stone_pickaxe":131,"minecraft:oak_planks":1,"minecraft:wooden_pickaxe":4,"minecraft:wooden_shovel":60,"mineminenomi:cutlass":37,"minecraft:dirt":34,"minecraft:crafting_table":3,"minecraft:white_bed":2,"minecraft:wooden_axe":4,"mineminenomi:bane_bane_no_mi":1,"minecraft:cobblestone":2,"minecraft:furnace":2,"minecraft:cooked_porkchop":1},"minecraft:mined":{"minecraft:kelp_plant":1,"byg:cattail":1,"minecraft:granite":1,"minecraft:grass_block":11,"minecraft:tall_grass":6,"minecraft:iron_ore":28,"minecraft:andesite":3,"minecraft:grass":24,"minecraft:oak_log":10,"minecraft:coal_ore":70,"minecraft:sand":18,"minecraft:dirt":33,"minecraft:cobweb":1,"minecraft:stone":32,"minecraft:white_wool":8,"minecraft:oak_leaves":36},"minecraft:picked_up":{"minecraft:andesite":3,"minecraft:leather":2,"minecraft:oak_log":11,"minecraft:lily_pad":3,"mineminenomi:belly_pouch":2,"minecraft:dirt":60,"minecraft:string":1,"minecraft:bone":13,"minecraft:wheat_seeds":6,"minecraft:beef":1,"minecraft:iron_ore":28,"mineminenomi:bullet":22,"mineminenomi:bane_bane_no_mi":1,"minecraft:sand":18,"byg:cattail":1,"minecraft:arrow":13,"minecraft:rotten_flesh":8,"minecraft:tropical_fish":2,"minecraft:granite":1,"minecraft:mutton":7,"minecraft:coal":70,"minecraft:white_wool":9,"minecraft:cobblestone":32},"minecraft:custom":{"lootr:looted_stat":1,"minecraft:interact_with_furnace":3,"minecraft:mob_kills":34,"minecraft:interact_with_crafting_table":12,"minecraft:play_one_minute":48623,"minecraft:time_since_death":15390,"minecraft:sleep_in_bed":2,"minecraft:climb_one_cm":672,"minecraft:time_since_rest":3489,"minecraft:sprint_one_cm":70565,"minecraft:damage_taken":3475,"minecraft:walk_one_cm":193444,"minecraft:damage_dealt":5834,"minecraft:swim_one_cm":69178,"minecraft:fly_one_cm":186023,"minecraft:player_kills":2,"minecraft:crouch_one_cm":1606,"minecraft:deaths":11,"minecraft:sneak_time":580,"minecraft:walk_under_water_one_cm":21926,"minecraft:jump":630,"minecraft:walk_on_water_one_cm":16425,"minecraft:fall_one_cm":68961},"minecraft:killed_by":{"minecraft:player":1,"mineminenomi:marine_grunt":1,"mineminenomi:pirate_grunt":3,"mineminenomi:bandit_grunt":4},"minecraft:killed":{"mineminenomi:pirate_grunt":4,"alexsmobs:lobster":2,"mineminenomi:marine_grunt":4,"minecraft:sheep":4,"minecraft:skeleton":4,"minecraft:zombie":5,"mineminenomi:bandit_grunt":6,"minecraft:tropical_fish":1,"minecraft:cow":1},"minecraft:broken":{"minecraft:stone_pickaxe":1,"minecraft:wooden_shovel":1},"minecraft:crafted":{"minecraft:oak_planks":40,"minecraft:wooden_shovel":1,"minecraft:cooked_porkchop":1,"minecraft:crafting_table":3,"minecraft:wooden_pickaxe":1,"minecraft:furnace":2,"minecraft:air":0,"minecraft:stick":16,"minecraft:stone_pickaxe":1,"minecraft:wooden_axe":1,"minecraft:white_bed":2,"minecraft:torch":32}},"DataVersion":2586}