{"stats":{"minecraft:used":{"minecraft:stone_pickaxe":131,"minecraft:oak_planks":1,"minecraft:wooden_pickaxe":4,"minecraft:wooden_shovel":60,"minecraft:torch":2,"mineminenomi:cutlass":85,"minecraft:dirt":34,"minecraft:crafting_table":3,"minecraft:mushroom_stew":2,"minecraft:white_bed":2,"minecraft:wooden_axe":4,"mineminenomi:bane_bane_no_mi":1,"minecraft:bread":3,"minecraft:stone_axe":87,"minecraft:cobblestone":2,"minecraft:furnace":2,"minecraft:cooked_porkchop":1},"minecraft:mined":{"minecraft:kelp_plant":1,"byg:cattail":1,"minecraft:torch":2,"minecraft:granite":1,"minecraft:grass_block":11,"minecraft:tall_grass":6,"minecraft:iron_ore":28,"byg:short_grass":1,"minecraft:birch_leaves":32,"minecraft:andesite":3,"minecraft:grass":28,"minecraft:oak_log":69,"minecraft:coal_ore":70,"byg:azalea":3,"minecraft:sand":18,"minecraft:dirt":33,"minecraft:cobweb":1,"minecraft:stone":32,"minecraft:white_wool":8,"minecraft:oak_leaves":58,"byg:tall_prairie_grass":1},"minecraft:picked_up":{"minecraft:andesite":3,"minecraft:leather":9,"minecraft:oak_log":69,"minecraft:lily_pad":3,"mineminenomi:belly_pouch":3,"minecraft:dirt":60,"minecraft:string":1,"minecraft:bone":15,"minecraft:wheat_seeds":7,"minecraft:iron_ingot":4,"minecraft:beef":7,"minecraft:iron_ore":28,"mineminenomi:bullet":35,"minecraft:stick":2,"mineminenomi:bane_bane_no_mi":1,"byg:azalea":3,"minecraft:torch":2,"minecraft:sand":18,"byg:cattail":1,"minecraft:arrow":15,"minecraft:rotten_flesh":8,"minecraft:tropical_fish":2,"minecraft:granite":1,"minecraft:oak_sapling":1,"minecraft:mutton":8,"minecraft:coal":70,"minecraft:white_wool":10,"minecraft:cobblestone":32},"minecraft:custom":{"lootr:looted_stat":2,"minecraft:interact_with_furnace":14,"minecraft:mob_kills":51,"minecraft:interact_with_crafting_table":18,"minecraft:play_one_minute":60623,"minecraft:time_since_death":27390,"minecraft:sleep_in_bed":2,"minecraft:climb_one_cm":672,"minecraft:time_since_rest":15489,"minecraft:sprint_one_cm":74220,"minecraft:damage_taken":3928,"minecraft:walk_one_cm":260041,"minecraft:drop":2,"minecraft:damage_dealt":6442,"minecraft:swim_one_cm":69178,"minecraft:fly_one_cm":334009,"minecraft:player_kills":2,"minecraft:crouch_one_cm":1606,"minecraft:deaths":11,"minecraft:sneak_time":581,"minecraft:walk_under_water_one_cm":29933,"minecraft:jump":759,"minecraft:walk_on_water_one_cm":17241,"minecraft:fall_one_cm":163231},"minecraft:dropped":{"minecraft:bowl":1,"minecraft:iron_boots":1},"minecraft:killed_by":{"minecraft:player":1,"mineminenomi:marine_grunt":1,"mineminenomi:pirate_grunt":3,"mineminenomi:bandit_grunt":4},"minecraft:killed":{"mineminenomi:pirate_grunt":6,"alexsmobs:lobster":2,"minecraft:spider":1,"alexsmobs:tasmanian_devil":1,"mineminenomi:marine_grunt":5,"minecraft:horse":1,"minecraft:sheep":5,"minecraft:skeleton":6,"minecraft:zombie":5,"mineminenomi:bandit_grunt":8,"minecraft:tropical_fish":1,"minecraft:cow":7},"minecraft:broken":{"minecraft:stone_pickaxe":1,"minecraft:wooden_shovel":1},"minecraft:crafted":{"minecraft:cooked_beef":8,"minecraft:oak_planks":188,"minecraft:wooden_shovel":1,"minecraft:cooked_porkchop":1,"minecraft:crafting_table":3,"minecraft:iron_helmet":1,"minecraft:wooden_pickaxe":1,"minecraft:furnace":2,"minecraft:stone_axe":1,"minecraft:air":0,"minecraft:iron_boots":2,"minecraft:iron_chestplate":1,"minecraft:stick":16,"minecraft:iron_ingot":28,"minecraft:stone_pickaxe":1,"minecraft:wooden_axe":1,"minecraft:iron_leggings":1,"minecraft:white_bed":2,"minecraft:torch":32}},"DataVersion":2586}