{"stats":{"minecraft:used":{"minecraft:wooden_axe":4,"minecraft:oak_planks":1,"minecraft:wooden_pickaxe":4,"minecraft:wooden_shovel":34,"mineminenomi:cutlass":12,"minecraft:dirt":34,"minecraft:crafting_table":3,"minecraft:white_bed":2},"minecraft:mined":{"minecraft:kelp_plant":1,"byg:cattail":1,"minecraft:grass":24,"minecraft:grass_block":5,"minecraft:oak_log":10,"minecraft:dirt":13,"minecraft:sand":18,"minecraft:tall_grass":6,"minecraft:stone":3,"minecraft:white_wool":8,"minecraft:oak_leaves":4},"minecraft:picked_up":{"mineminenomi:bullet":18,"minecraft:leather":2,"minecraft:sand":17,"minecraft:oak_log":11,"minecraft:lily_pad":3,"mineminenomi:belly_pouch":2,"byg:cattail":1,"minecraft:dirt":34,"minecraft:bone":5,"minecraft:arrow":8,"minecraft:rotten_flesh":6,"minecraft:tropical_fish":2,"minecraft:wheat_seeds":5,"minecraft:beef":1,"minecraft:mutton":7,"minecraft:white_wool":9,"minecraft:cobblestone":3},"minecraft:custom":{"minecraft:time_since_rest":7636,"lootr:looted_stat":1,"minecraft:sprint_one_cm":50759,"minecraft:damage_taken":2914,"minecraft:walk_one_cm":104325,"minecraft:mob_kills":28,"minecraft:damage_dealt":4583,"minecraft:swim_one_cm":55230,"minecraft:interact_with_crafting_table":7,"minecraft:fly_one_cm":57000,"minecraft:player_kills":2,"minecraft:crouch_one_cm":1466,"minecraft:play_one_minute":30623,"minecraft:deaths":9,"minecraft:sneak_time":554,"minecraft:walk_under_water_one_cm":18283,"minecraft:jump":414,"minecraft:walk_on_water_one_cm":13866,"minecraft:time_since_death":7578,"minecraft:climb_one_cm":672,"minecraft:fall_one_cm":12138},"minecraft:killed_by":{"mineminenomi:pirate_grunt":3,"mineminenomi:bandit_grunt":4},"minecraft:killed":{"minecraft:sheep":4,"minecraft:skeleton":1,"mineminenomi:pirate_grunt":4,"alexsmobs:lobster":2,"minecraft:zombie":4,"mineminenomi:bandit_grunt":6,"mineminenomi:marine_grunt":2,"minecraft:tropical_fish":1,"minecraft:cow":1},"minecraft:crafted":{"minecraft:oak_planks":40,"minecraft:wooden_shovel":1,"minecraft:crafting_table":3,"minecraft:stick":16,"minecraft:wooden_pickaxe":1,"minecraft:stone_pickaxe":1,"minecraft:wooden_axe":1,"minecraft:white_bed":2}},"DataVersion":2586}