{"stats":{"minecraft:mined":{"minecraft:tall_grass":1,"minecraft:grass":4},"minecraft:picked_up":{"minecraft:wheat_seeds":1},"minecraft:custom":{"minecraft:jump":65,"minecraft:time_since_rest":1764,"minecraft:damage_dealt":502,"minecraft:play_one_minute":6623,"minecraft:deaths":1,"minecraft:sprint_one_cm":1148,"minecraft:damage_taken":300,"minecraft:time_since_death":1729,"minecraft:walk_one_cm":16314,"minecraft:mob_kills":2,"minecraft:fall_one_cm":1968,"minecraft:fly_one_cm":3497,"minecraft:player_kills":1},"minecraft:killed":{"mineminenomi:bandit_grunt":2}},"DataVersion":2586}