{"stats":{"minecraft:used":{"minecraft:wooden_pickaxe":4,"minecraft:wooden_shovel":18,"minecraft:crafting_table":1},"minecraft:mined":{"minecraft:grass":24,"minecraft:grass_block":5,"minecraft:oak_log":5,"minecraft:dirt":13,"minecraft:sand":2,"minecraft:tall_grass":6,"minecraft:stone":3,"minecraft:oak_leaves":4},"minecraft:picked_up":{"mineminenomi:bullet":10,"minecraft:leather":2,"minecraft:sand":2,"minecraft:oak_log":6,"minecraft:lily_pad":3,"minecraft:dirt":18,"minecraft:bone":4,"minecraft:arrow":6,"minecraft:rotten_flesh":6,"minecraft:tropical_fish":2,"minecraft:wheat_seeds":4,"minecraft:beef":1,"minecraft:mutton":7,"minecraft:white_wool":3,"minecraft:cobblestone":3},"minecraft:custom":{"minecraft:time_since_rest":942,"minecraft:sprint_one_cm":33563,"minecraft:damage_taken":2134,"minecraft:walk_one_cm":81631,"minecraft:mob_kills":22,"minecraft:damage_dealt":3582,"minecraft:swim_one_cm":6098,"minecraft:interact_with_crafting_table":3,"minecraft:fly_one_cm":43240,"minecraft:player_kills":2,"minecraft:play_one_minute":18623,"minecraft:deaths":7,"minecraft:sneak_time":49,"minecraft:walk_under_water_one_cm":5864,"minecraft:jump":284,"minecraft:walk_on_water_one_cm":4985,"minecraft:time_since_death":904,"minecraft:climb_one_cm":672,"minecraft:fall_one_cm":7752},"minecraft:killed_by":{"mineminenomi:pirate_grunt":1,"mineminenomi:bandit_grunt":4},"minecraft:killed":{"minecraft:sheep":4,"minecraft:skeleton":1,"mineminenomi:pirate_grunt":1,"alexsmobs:lobster":2,"minecraft:zombie":4,"mineminenomi:bandit_grunt":6,"minecraft:tropical_fish":1,"minecraft:cow":1},"minecraft:crafted":{"minecraft:oak_planks":20,"minecraft:wooden_shovel":1,"minecraft:crafting_table":1,"minecraft:stick":12,"minecraft:wooden_pickaxe":1,"minecraft:stone_pickaxe":1}},"DataVersion":2586}