{"stats":{"minecraft:used":{"minecraft:stone_pickaxe":324,"minecraft:oak_planks":1,"minecraft:chest":2,"minecraft:wooden_pickaxe":4,"minecraft:wooden_shovel":60,"minecraft:torch":2,"mineminenomi:cutlass":89,"minecraft:dirt":34,"minecraft:crafting_table":3,"minecraft:mushroom_stew":2,"minecraft:white_bed":2,"minecraft:wooden_axe":4,"mineminenomi:bane_bane_no_mi":1,"minecraft:bread":3,"minecraft:stone_axe":87,"minecraft:cobblestone":6,"minecraft:furnace":2,"minecraft:cooked_porkchop":1,"minecraft:cooked_beef":3},"minecraft:mined":{"minecraft:kelp_plant":1,"byg:cattail":1,"minecraft:torch":2,"minecraft:granite":1,"minecraft:grass_block":11,"minecraft:tall_grass":6,"minecraft:iron_ore":46,"byg:short_grass":1,"minecraft:birch_leaves":32,"minecraft:andesite":12,"minecraft:grass":28,"minecraft:oak_log":69,"minecraft:coal_ore":171,"byg:azalea":3,"minecraft:sand":18,"minecraft:dirt":33,"minecraft:cobweb":2,"minecraft:stone":97,"minecraft:white_wool":8,"minecraft:oak_leaves":58,"byg:tall_prairie_grass":1},"minecraft:picked_up":{"minecraft:andesite":12,"minecraft:leather":9,"minecraft:oak_log":69,"minecraft:lily_pad":3,"minecraft:gunpowder":5,"mineminenomi:belly_pouch":3,"minecraft:dirt":61,"minecraft:string":2,"minecraft:bone":17,"minecraft:wheat_seeds":7,"minecraft:iron_ingot":4,"minecraft:beef":7,"minecraft:iron_ore":46,"mineminenomi:bullet":35,"minecraft:stick":2,"mineminenomi:bane_bane_no_mi":1,"byg:azalea":3,"minecraft:torch":2,"minecraft:sand":18,"byg:cattail":1,"minecraft:arrow":17,"minecraft:rotten_flesh":12,"minecraft:tropical_fish":2,"minecraft:granite":1,"minecraft:oak_sapling":1,"minecraft:rail":1,"minecraft:mutton":8,"minecraft:coal":170,"minecraft:white_wool":10,"minecraft:cobblestone":100},"minecraft:custom":{"lootr:looted_stat":3,"minecraft:interact_with_furnace":16,"minecraft:mob_kills":59,"minecraft:interact_with_crafting_table":21,"minecraft:play_one_minute":72623,"minecraft:time_since_death":39390,"minecraft:sleep_in_bed":2,"minecraft:climb_one_cm":672,"minecraft:time_since_rest":27489,"minecraft:sprint_one_cm":74529,"minecraft:damage_taken":3998,"minecraft:walk_one_cm":290469,"minecraft:drop":2,"minecraft:damage_dealt":6695,"minecraft:swim_one_cm":69178,"minecraft:fly_one_cm":368972,"minecraft:player_kills":2,"minecraft:open_chest":8,"minecraft:crouch_one_cm":1606,"minecraft:deaths":11,"minecraft:sneak_time":581,"minecraft:walk_under_water_one_cm":32361,"minecraft:jump":820,"minecraft:walk_on_water_one_cm":19985,"minecraft:fall_one_cm":179031},"minecraft:dropped":{"minecraft:bowl":1,"minecraft:iron_boots":1},"minecraft:killed_by":{"minecraft:player":1,"mineminenomi:marine_grunt":1,"mineminenomi:pirate_grunt":3,"mineminenomi:bandit_grunt":4},"minecraft:killed":{"mineminenomi:pirate_grunt":6,"alexsmobs:lobster":2,"minecraft:bat":1,"minecraft:spider":1,"alexsmobs:tasmanian_devil":1,"mineminenomi:marine_grunt":5,"minecraft:creeper":3,"minecraft:horse":1,"minecraft:sheep":5,"minecraft:skeleton":10,"minecraft:zombie":5,"mineminenomi:bandit_grunt":8,"minecraft:tropical_fish":1,"minecraft:cow":7},"minecraft:broken":{"minecraft:stone_pickaxe":2,"minecraft:wooden_shovel":1},"minecraft:crafted":{"minecraft:cooked_beef":8,"minecraft:oak_planks":272,"minecraft:wooden_shovel":1,"minecraft:stone_shovel":1,"minecraft:cooked_porkchop":1,"minecraft:crafting_table":3,"minecraft:iron_helmet":1,"minecraft:wooden_pickaxe":1,"minecraft:furnace":2,"minecraft:stone_axe":1,"minecraft:cooked_mutton":1,"minecraft:air":0,"minecraft:iron_boots":2,"minecraft:iron_chestplate":1,"minecraft:stick":24,"minecraft:iron_ingot":28,"minecraft:stone_pickaxe":3,"minecraft:wooden_axe":1,"minecraft:chest":2,"minecraft:iron_leggings":1,"minecraft:white_bed":2,"minecraft:torch":32}},"DataVersion":2586}