{"stats":{"minecraft:used":{"minecraft:stone_pickaxe":393,"minecraft:oak_planks":3,"mineminenomi:katana":16,"minecraft:chest":2,"minecraft:wooden_pickaxe":4,"minecraft:wooden_shovel":60,"minecraft:torch":3,"mineminenomi:cutlass":89,"minecraft:dirt":34,"minecraft:crafting_table":4,"minecraft:mushroom_stew":5,"minecraft:white_bed":2,"minecraft:wooden_axe":4,"minecraft:apple":1,"mineminenomi:bane_bane_no_mi":1,"minecraft:bread":5,"mineminenomi:wanted_poster_package":1,"minecraft:stone_axe":87,"minecraft:cobblestone":6,"minecraft:furnace":2,"minecraft:cooked_porkchop":1,"minecraft:oak_boat":1,"minecraft:cooked_beef":8},"minecraft:mined":{"minecraft:white_bed":1,"minecraft:kelp_plant":1,"byg:cattail":1,"minecraft:torch":3,"minecraft:granite":3,"minecraft:grass_block":11,"minecraft:light_gray_bed":1,"minecraft:tall_grass":6,"mineminenomi:wanted_poster_package":1,"minecraft:iron_ore":79,"byg:short_grass":1,"minecraft:birch_leaves":33,"minecraft:andesite":12,"minecraft:grass":28,"minecraft:oak_log":69,"minecraft:coal_ore":197,"byg:azalea":3,"minecraft:sand":18,"minecraft:dirt":33,"minecraft:cobweb":2,"minecraft:stone":105,"minecraft:white_wool":8,"minecraft:oak_leaves":58,"byg:tall_prairie_grass":1},"minecraft:picked_up":{"mineminenomi:cannon_ball":2,"mineminenomi:challenge_poster":1,"minecraft:dark_oak_button":3,"minecraft:ladder":1,"minecraft:andesite":12,"minecraft:leather":9,"minecraft:enchanted_book":1,"minecraft:oak_log":69,"minecraft:lily_pad":3,"minecraft:gunpowder":5,"mineminenomi:belly_pouch":8,"minecraft:dirt":64,"minecraft:string":4,"minecraft:lantern":1,"minecraft:bone":23,"minecraft:wheat_seeds":9,"minecraft:iron_ingot":4,"minecraft:beef":7,"minecraft:iron_ore":79,"minecraft:oak_planks":1,"mineminenomi:bullet":74,"minecraft:stick":2,"mineminenomi:bane_bane_no_mi":1,"byg:azalea":3,"minecraft:torch":3,"minecraft:sand":18,"byg:cattail":1,"minecraft:spider_eye":1,"minecraft:light_gray_bed":1,"minecraft:arrow":20,"minecraft:rotten_flesh":19,"minecraft:tropical_fish":2,"minecraft:granite":3,"minecraft:stripped_dark_oak_wood":1,"minecraft:oak_sapling":1,"minecraft:rail":2,"minecraft:mutton":8,"minecraft:coal":196,"minecraft:white_wool":10,"minecraft:cobblestone":108},"minecraft:custom":{"lootr:looted_stat":11,"minecraft:interact_with_furnace":34,"minecraft:mob_kills":95,"minecraft:interact_with_crafting_table":28,"minecraft:play_one_minute":108623,"minecraft:time_since_death":21085,"minecraft:sleep_in_bed":3,"minecraft:climb_one_cm":1955,"minecraft:time_since_rest":21126,"minecraft:sprint_one_cm":82110,"minecraft:damage_taken":6793,"minecraft:walk_one_cm":417103,"minecraft:drop":4,"minecraft:damage_dealt":8976,"minecraft:swim_one_cm":69178,"minecraft:fly_one_cm":548898,"minecraft:player_kills":2,"minecraft:open_chest":16,"minecraft:crouch_one_cm":1843,"minecraft:deaths":16,"minecraft:sneak_time":795,"minecraft:walk_under_water_one_cm":59256,"minecraft:boat_one_cm":340496,"minecraft:jump":1141,"minecraft:walk_on_water_one_cm":24948,"minecraft:fall_one_cm":298728},"minecraft:dropped":{"minecraft:bowl":2,"minecraft:lantern":1,"minecraft:iron_boots":1},"minecraft:killed_by":{"minecraft:player":2,"mineminenomi:marine_grunt":1,"mineminenomi:pirate_grunt":4,"mineminenomi:bandit_grunt":4,"mineminenomi:brawler_trainer":3},"minecraft:killed":{"mineminenomi:pirate_grunt":25,"alexsmobs:lobster":2,"minecraft:bat":1,"minecraft:spider":3,"alexsmobs:tasmanian_devil":1,"mineminenomi:marine_grunt":10,"minecraft:creeper":3,"minecraft:horse":1,"minecraft:sheep":5,"minecraft:skeleton":13,"minecraft:zombie":9,"mineminenomi:pirate_brute":2,"mineminenomi:bandit_grunt":8,"minecraft:tropical_fish":1,"minecraft:cow":7},"minecraft:broken":{"minecraft:stone_pickaxe":3,"minecraft:wooden_shovel":1},"minecraft:crafted":{"minecraft:cooked_beef":8,"minecraft:oak_planks":272,"minecraft:wooden_shovel":1,"minecraft:stone_shovel":1,"minecraft:cooked_porkchop":1,"minecraft:crafting_table":5,"minecraft:iron_helmet":1,"minecraft:wooden_pickaxe":1,"minecraft:furnace":2,"minecraft:stone_axe":1,"minecraft:cooked_mutton":1,"minecraft:air":0,"minecraft:oak_boat":1,"minecraft:iron_boots":2,"minecraft:iron_chestplate":1,"minecraft:iron_axe":1,"minecraft:stick":28,"minecraft:iron_ingot":47,"minecraft:stone_pickaxe":3,"minecraft:wooden_axe":1,"minecraft:chest":2,"minecraft:iron_leggings":1,"minecraft:white_bed":2,"minecraft:torch":32,"minecraft:shears":3}},"DataVersion":2586}