{"stats":{"minecraft:used":{"mineminenomi:gura_gura_no_mi":1,"mineminenomi:cutlass":4,"minecraft:beef":8,"minecraft:cooked_porkchop":9,"minecraft:oak_boat":2,"minecraft:egg":5},"minecraft:mined":{"minecraft:birch_leaves":8,"mineminenomi:axe_dial":1,"minecraft:grass":6,"minecraft:vine":1,"minecraft:oak_log":7,"minecraft:tall_grass":1,"minecraft:kelp":2,"minecraft:sugar_cane":1,"minecraft:oak_leaves":105},"minecraft:picked_up":{"mineminenomi:bullet":26,"minecraft:stick":7,"mineminenomi:bane_bane_no_mi":1,"minecraft:feather":4,"minecraft:chicken":2,"mineminenomi:gura_gura_no_mi":1,"minecraft:leather":9,"minecraft:porkchop":10,"minecraft:oak_log":6,"mineminenomi:belly_pouch":16,"mineminenomi:axe_dial":1,"minecraft:apple":2,"minecraft:bone":2,"minecraft:arrow":5,"minecraft:rotten_flesh":1,"minecraft:slime_ball":1,"minecraft:kelp":1,"minecraft:wheat_seeds":2,"minecraft:beef":16,"minecraft:oak_boat":1,"minecraft:oak_sapling":7,"minecraft:sugar_cane":2,"minecraft:mutton":6,"minecraft:white_wool":2,"minecraft:iron_boots":1,"minecraft:egg":5},"minecraft:custom":{"minecraft:time_since_rest":15489,"minecraft:interact_with_furnace":10,"lootr:looted_stat":1,"minecraft:sprint_one_cm":183599,"minecraft:damage_taken":5351,"minecraft:walk_one_cm":172129,"minecraft:mob_kills":55,"minecraft:drop":8,"minecraft:damage_dealt":7815,"minecraft:interact_with_crafting_table":3,"minecraft:swim_one_cm":47669,"minecraft:fly_one_cm":307734,"minecraft:player_kills":1,"minecraft:crouch_one_cm":334,"minecraft:play_one_minute":61407,"minecraft:deaths":14,"minecraft:sneak_time":227,"minecraft:walk_under_water_one_cm":10246,"minecraft:boat_one_cm":16503,"minecraft:jump":1396,"minecraft:leave_game":1,"minecraft:time_since_death":25726,"minecraft:walk_on_water_one_cm":22035,"minecraft:sleep_in_bed":2,"minecraft:climb_one_cm":2946,"minecraft:fall_one_cm":47590},"minecraft:killed_by":{"minecraft:player":2,"mineminenomi:bandit_brute":1,"mineminenomi:pirate_grunt":4,"mineminenomi:black_leg_trainer":1,"mineminenomi:pirate_brute":2,"mineminenomi:bandit_grunt":2,"minecraft:spider":1},"minecraft:dropped":{"mineminenomi:bane_bane_no_mi":1,"minecraft:kelp":1,"minecraft:wheat_seeds":2,"minecraft:oak_sapling":3,"minecraft:rotten_flesh":1,"minecraft:bone":1},"minecraft:killed":{"minecraft:sheep":2,"mineminenomi:pirate_grunt":16,"minecraft:zombie":3,"minecraft:pig":6,"minecraft:chicken":2,"mineminenomi:pirate_brute":1,"mineminenomi:bandit_grunt":5,"mineminenomi:marine_grunt":11,"minecraft:cow":8},"minecraft:crafted":{"minecraft:cooked_beef":6,"minecraft:oak_boat":1,"minecraft:oak_planks":24,"minecraft:cooked_porkchop":9,"minecraft:air":0}},"DataVersion":2586}