{"stats":{"minecraft:used":{"mineminenomi:gura_gura_no_mi":1,"mineminenomi:cutlass":4,"minecraft:beef":8,"minecraft:cooked_porkchop":3,"minecraft:oak_boat":1},"minecraft:mined":{"minecraft:birch_leaves":8,"mineminenomi:axe_dial":1,"minecraft:grass":6,"minecraft:vine":1,"minecraft:oak_log":7,"minecraft:tall_grass":1,"minecraft:kelp":2,"minecraft:sugar_cane":1,"minecraft:oak_leaves":105},"minecraft:picked_up":{"mineminenomi:bullet":23,"minecraft:stick":7,"mineminenomi:bane_bane_no_mi":1,"minecraft:feather":4,"minecraft:chicken":2,"mineminenomi:gura_gura_no_mi":1,"minecraft:leather":9,"minecraft:porkchop":10,"minecraft:oak_log":6,"mineminenomi:belly_pouch":14,"mineminenomi:axe_dial":1,"minecraft:apple":2,"minecraft:bone":2,"minecraft:arrow":5,"minecraft:rotten_flesh":1,"minecraft:slime_ball":1,"minecraft:kelp":1,"minecraft:wheat_seeds":2,"minecraft:beef":16,"minecraft:oak_boat":1,"minecraft:oak_sapling":7,"minecraft:sugar_cane":2,"minecraft:mutton":4,"minecraft:white_wool":1,"minecraft:egg":2},"minecraft:custom":{"minecraft:time_since_rest":3489,"minecraft:interact_with_furnace":5,"lootr:looted_stat":1,"minecraft:sprint_one_cm":142194,"minecraft:damage_taken":4894,"minecraft:walk_one_cm":132014,"minecraft:mob_kills":41,"minecraft:drop":8,"minecraft:damage_dealt":5656,"minecraft:interact_with_crafting_table":2,"minecraft:swim_one_cm":47669,"minecraft:fly_one_cm":235727,"minecraft:player_kills":1,"minecraft:crouch_one_cm":101,"minecraft:play_one_minute":49407,"minecraft:deaths":14,"minecraft:sneak_time":173,"minecraft:walk_under_water_one_cm":10246,"minecraft:boat_one_cm":4403,"minecraft:jump":1079,"minecraft:leave_game":1,"minecraft:time_since_death":13726,"minecraft:walk_on_water_one_cm":21911,"minecraft:sleep_in_bed":2,"minecraft:climb_one_cm":2079,"minecraft:fall_one_cm":35846},"minecraft:killed_by":{"minecraft:player":2,"mineminenomi:bandit_brute":1,"mineminenomi:pirate_grunt":4,"mineminenomi:black_leg_trainer":1,"mineminenomi:pirate_brute":2,"mineminenomi:bandit_grunt":2,"minecraft:spider":1},"minecraft:dropped":{"mineminenomi:bane_bane_no_mi":1,"minecraft:kelp":1,"minecraft:wheat_seeds":2,"minecraft:oak_sapling":3,"minecraft:rotten_flesh":1,"minecraft:bone":1},"minecraft:killed":{"minecraft:sheep":2,"mineminenomi:pirate_grunt":10,"minecraft:zombie":2,"minecraft:pig":6,"minecraft:chicken":2,"mineminenomi:bandit_grunt":4,"mineminenomi:marine_grunt":7,"minecraft:cow":7},"minecraft:crafted":{"minecraft:oak_boat":1,"minecraft:oak_planks":24,"minecraft:cooked_porkchop":9,"minecraft:air":0}},"DataVersion":2586}