{"stats":{"minecraft:used":{"mineminenomi:gura_gura_no_mi":1,"minecraft:oak_planks":12,"mineminenomi:cutlass":4,"minecraft:white_bed":2,"mineminenomi:axe":2,"carryon:entity_item":1,"minecraft:beef":8,"minecraft:cooked_porkchop":9,"minecraft:oak_boat":2,"minecraft:egg":5,"minecraft:cooked_beef":1},"minecraft:mined":{"mineminenomi:axe_dial":1,"minecraft:tall_grass":1,"minecraft:kelp":2,"minecraft:sugar_cane":1,"minecraft:birch_leaves":8,"minecraft:grass":6,"minecraft:oak_log":7,"minecraft:vine":1,"minecraft:spruce_slab":1,"minecraft:oak_leaves":105},"minecraft:picked_up":{"minecraft:feather":4,"minecraft:chicken":2,"minecraft:ladder":2,"mineminenomi:gura_gura_no_mi":1,"minecraft:leather":9,"minecraft:oak_log":6,"mineminenomi:belly_pouch":16,"minecraft:bone":2,"minecraft:apple":2,"minecraft:kelp":1,"minecraft:wheat_seeds":2,"minecraft:beef":16,"minecraft:oak_boat":1,"minecraft:sugar_cane":2,"minecraft:oak_planks":64,"minecraft:iron_boots":1,"minecraft:egg":5,"mineminenomi:bullet":26,"minecraft:stick":7,"mineminenomi:bane_bane_no_mi":1,"minecraft:porkchop":10,"minecraft:white_bed":2,"mineminenomi:axe_dial":1,"minecraft:arrow":5,"minecraft:rotten_flesh":1,"minecraft:slime_ball":1,"minecraft:oak_sapling":7,"minecraft:mutton":6,"minecraft:white_wool":3},"minecraft:custom":{"lootr:looted_stat":4,"minecraft:interact_with_furnace":24,"minecraft:mob_kills":60,"minecraft:interact_with_crafting_table":11,"minecraft:play_one_minute":94026,"minecraft:leave_game":3,"minecraft:time_since_death":9246,"minecraft:sleep_in_bed":4,"minecraft:climb_one_cm":3287,"minecraft:time_since_rest":9276,"minecraft:sprint_one_cm":215541,"minecraft:damage_taken":7310,"minecraft:walk_one_cm":250453,"minecraft:drop":9,"minecraft:damage_dealt":9115,"minecraft:swim_one_cm":47669,"minecraft:fly_one_cm":361421,"minecraft:player_kills":2,"minecraft:open_chest":6,"minecraft:crouch_one_cm":1253,"minecraft:deaths":20,"minecraft:sneak_time":433,"minecraft:walk_under_water_one_cm":24358,"minecraft:boat_one_cm":79663,"minecraft:jump":1686,"minecraft:walk_on_water_one_cm":34587,"minecraft:fall_one_cm":59210},"minecraft:killed_by":{"minecraft:player":2,"mineminenomi:bandit_brute":1,"mineminenomi:pirate_brute":2,"minecraft:spider":1,"mineminenomi:pirate_grunt":4,"mineminenomi:black_leg_trainer":3,"mineminenomi:bandit_grunt":2,"mineminenomi:brawler_trainer":4},"minecraft:dropped":{"mineminenomi:bane_bane_no_mi":1,"minecraft:kelp":1,"minecraft:wheat_seeds":2,"minecraft:rotten_flesh":1,"minecraft:ladder":2,"minecraft:oak_sapling":3,"minecraft:bone":1},"minecraft:killed":{"mineminenomi:pirate_grunt":19,"minecraft:pig":6,"mineminenomi:marine_grunt":11,"minecraft:creeper":1,"minecraft:sheep":2,"minecraft:zombie":3,"minecraft:chicken":2,"mineminenomi:pirate_brute":1,"mineminenomi:marine_trader":1,"mineminenomi:bandit_grunt":5,"minecraft:cow":8},"minecraft:crafted":{"minecraft:cooked_beef":6,"minecraft:oak_planks":24,"minecraft:cooked_porkchop":9,"minecraft:iron_helmet":1,"minecraft:air":0,"minecraft:oak_boat":1,"minecraft:iron_chestplate":1,"minecraft:iron_ingot":20,"minecraft:iron_leggings":1}},"DataVersion":2586}