{"stats":{"minecraft:used":{"mineminenomi:cutlass":4,"minecraft:beef":8},"minecraft:mined":{"mineminenomi:axe_dial":1,"minecraft:grass":6,"minecraft:oak_log":7,"minecraft:tall_grass":1,"minecraft:kelp":2,"minecraft:sugar_cane":1,"minecraft:oak_leaves":1},"minecraft:picked_up":{"mineminenomi:bullet":16,"minecraft:stick":2,"minecraft:feather":4,"minecraft:chicken":2,"minecraft:leather":6,"minecraft:porkchop":1,"minecraft:oak_log":6,"mineminenomi:belly_pouch":9,"mineminenomi:axe_dial":1,"minecraft:bone":2,"minecraft:arrow":5,"minecraft:rotten_flesh":1,"minecraft:slime_ball":1,"minecraft:kelp":1,"minecraft:wheat_seeds":2,"minecraft:beef":9,"minecraft:oak_sapling":1,"minecraft:sugar_cane":2,"minecraft:egg":2},"minecraft:custom":{"minecraft:time_since_rest":5068,"lootr:looted_stat":1,"minecraft:sprint_one_cm":88427,"minecraft:damage_taken":4112,"minecraft:walk_one_cm":76479,"minecraft:mob_kills":19,"minecraft:drop":6,"minecraft:damage_dealt":3168,"minecraft:swim_one_cm":39344,"minecraft:fly_one_cm":129527,"minecraft:play_one_minute":31407,"minecraft:deaths":13,"minecraft:sneak_time":14,"minecraft:walk_under_water_one_cm":9731,"minecraft:jump":624,"minecraft:leave_game":1,"minecraft:time_since_death":5034,"minecraft:walk_on_water_one_cm":20938,"minecraft:climb_one_cm":1017,"minecraft:fall_one_cm":15388},"minecraft:killed_by":{"minecraft:player":2,"mineminenomi:pirate_grunt":4,"mineminenomi:black_leg_trainer":1,"mineminenomi:pirate_brute":2,"mineminenomi:bandit_grunt":2,"minecraft:spider":1},"minecraft:dropped":{"minecraft:kelp":1,"minecraft:wheat_seeds":2,"minecraft:oak_sapling":1,"minecraft:rotten_flesh":1,"minecraft:bone":1},"minecraft:killed":{"mineminenomi:pirate_grunt":5,"minecraft:zombie":2,"minecraft:pig":1,"minecraft:chicken":2,"mineminenomi:bandit_grunt":4,"mineminenomi:marine_grunt":1,"minecraft:cow":4},"minecraft:crafted":{"minecraft:oak_planks":24}},"DataVersion":2586}