{"stats":{"minecraft:used":{"minecraft:beef":3},"minecraft:mined":{"minecraft:grass":6,"minecraft:oak_log":7,"minecraft:tall_grass":1,"minecraft:sugar_cane":1,"minecraft:oak_leaves":1},"minecraft:picked_up":{"mineminenomi:bullet":8,"minecraft:stick":2,"minecraft:feather":4,"minecraft:chicken":2,"minecraft:leather":6,"minecraft:porkchop":1,"minecraft:oak_log":6,"mineminenomi:belly_pouch":1,"minecraft:bone":2,"minecraft:arrow":5,"minecraft:rotten_flesh":1,"minecraft:slime_ball":1,"minecraft:wheat_seeds":2,"minecraft:beef":9,"minecraft:oak_sapling":1,"minecraft:sugar_cane":2,"minecraft:egg":2},"minecraft:custom":{"minecraft:time_since_rest":1201,"minecraft:sprint_one_cm":76578,"minecraft:damage_taken":1818,"minecraft:walk_one_cm":59914,"minecraft:mob_kills":13,"minecraft:drop":5,"minecraft:damage_dealt":1809,"minecraft:swim_one_cm":2720,"minecraft:fly_one_cm":101300,"minecraft:play_one_minute":19407,"minecraft:deaths":7,"minecraft:walk_under_water_one_cm":41,"minecraft:jump":482,"minecraft:leave_game":1,"minecraft:time_since_death":1174,"minecraft:walk_on_water_one_cm":6446,"minecraft:climb_one_cm":1017,"minecraft:fall_one_cm":11223},"minecraft:killed_by":{"minecraft:player":2,"mineminenomi:black_leg_trainer":1,"mineminenomi:bandit_grunt":2,"minecraft:spider":1},"minecraft:dropped":{"minecraft:wheat_seeds":2,"minecraft:oak_sapling":1,"minecraft:rotten_flesh":1,"minecraft:bone":1},"minecraft:killed":{"minecraft:zombie":2,"minecraft:pig":1,"minecraft:chicken":2,"mineminenomi:bandit_grunt":4,"minecraft:cow":4},"minecraft:crafted":{"minecraft:oak_planks":24}},"DataVersion":2586}