{"stats":{"minecraft:mined":{"minecraft:grass":2},"minecraft:custom":{"minecraft:jump":149,"minecraft:time_since_rest":668,"minecraft:damage_dealt":87,"minecraft:play_one_minute":7407,"minecraft:deaths":3,"minecraft:leave_game":1,"minecraft:sprint_one_cm":17327,"minecraft:damage_taken":700,"minecraft:time_since_death":627,"minecraft:walk_one_cm":15242,"minecraft:fall_one_cm":3713,"minecraft:fly_one_cm":29211},"minecraft:killed_by":{"mineminenomi:black_leg_trainer":1,"minecraft:player":1}},"DataVersion":2586}