{
  "farmersdelight:main/root": {
    "criteria": {
      "seeds": "2024-07-20 10:49:50 +0000"
    },
    "done": true
  },
  "minecraft:adventure/root": {
    "criteria": {
      "killed_something": "2024-07-20 10:56:04 +0000"
    },
    "done": true
  },
  "lootr:root": {
    "criteria": {
      "always_true": "2024-07-20 10:49:50 +0000"
    },
    "done": true
  },
  "mineminenomi:adventure/root": {
    "criteria": {
      "killed_something": "2024-07-20 10:56:04 +0000"
    },
    "done": true
  },
  "minecraft:adventure/adventuring_time": {
    "criteria": {
      "minecraft:wooded_hills": "2024-07-20 10:55:48 +0000",
      "minecraft:plains": "2024-07-20 10:49:50 +0000"
    },
    "done": false
  },
  "DataVersion": 2586
}