{
  "smallships:recipes/lotr_green_oak_war_galley": {
    "criteria": {
      "in_water": "2024-07-20 11:00:53 +0000"
    },
    "done": true
  },
  "minecraft:recipes/food/cooked_mutton_from_campfire_cooking": {
    "criteria": {
      "has_mutton": "2024-07-20 11:02:24 +0000"
    },
    "done": true
  },
  "smallships:recipes/lotr_mallorn_dhow": {
    "criteria": {
      "in_water": "2024-07-20 11:00:53 +0000"
    },
    "done": true
  },
  "minecraft:recipes/redstone/lever": {
    "criteria": {
      "has_cobblestone": "2024-07-20 11:05:32 +0000"
    },
    "done": true
  },
  "farmersdelight:recipes/farmersdelight/organic_compost_from_rotten_flesh": {
    "criteria": {
      "has_rotten_flesh": "2024-07-20 11:00:41 +0000"
    },
    "done": true
  },
  "smallships:recipes/bop_hellbark_war_galley": {
    "criteria": {
      "in_water": "2024-07-20 11:00:53 +0000"
    },
    "done": true
  },
  "smallships:recipes/lotr_rotten_rowboat": {
    "criteria": {
      "in_water": "2024-07-20 11:00:53 +0000"
    },
    "done": true
  },
  "smallships:recipes/lotr_cherry_drakkar": {
    "criteria": {
      "in_water": "2024-07-20 11:00:53 +0000"
    },
    "done": true
  },
  "minecolonies:recipes/structurize/shapetool": {
    "criteria": {
      "has_stick": "2024-07-20 11:04:19 +0000"
    },
    "done": true
  },
  "minecraft:recipes/building_blocks/lime_concrete_powder": {
    "criteria": {
      "has_sand": "2024-07-20 11:01:13 +0000"
    },
    "done": true
  },
  "minecraft:recipes/building_blocks/yellow_concrete_powder": {
    "criteria": {
      "has_sand": "2024-07-20 11:01:13 +0000"
    },
    "done": true
  },
  "smallships:recipes/lotr_cedar_dhow": {
    "criteria": {
      "in_water": "2024-07-20 11:00:53 +0000"
    },
    "done": true
  },
  "smallships:recipes/bop_mahogany_dhow": {
    "criteria": {
      "in_water": "2024-07-20 11:00:53 +0000"
    },
    "done": true
  },
  "minecraft:recipes/combat/leather_helmet": {
    "criteria": {
      "has_leather": "2024-07-20 11:02:06 +0000"
    },
    "done": true
  },
  "minecraft:recipes/decorations/crafting_table": {
    "criteria": {
      "has_planks": "2024-07-20 11:04:01 +0000"
    },
    "done": true
  },
  "minecraft:recipes/building_blocks/magenta_wool": {
    "criteria": {
      "has_white_wool": "2024-07-20 11:02:24 +0000"
    },
    "done": true
  },
  "smallships:recipes/lotr_larch_brigg": {
    "criteria": {
      "in_water": "2024-07-20 11:00:53 +0000"
    },
    "done": true
  },
  "minecraft:recipes/decorations/ladder": {
    "criteria": {
      "has_stick": "2024-07-20 11:04:19 +0000"
    },
    "done": true
  },
  "minecraft:recipes/decorations/chest": {
    "criteria": {
      "has_lots_of_items": "2024-07-20 11:05:49 +0000"
    },
    "done": true
  },
  "smallships:recipes/bop_palm_rowboat": {
    "criteria": {
      "in_water": "2024-07-20 11:00:53 +0000"
    },
    "done": true
  },
  "minecraft:recipes/tools/wooden_shovel": {
    "criteria": {
      "has_stick": "2024-07-20 11:04:19 +0000"
    },
    "done": true
  },
  "smallships:recipes/bop_mahogany_brigg": {
    "criteria": {
      "in_water": "2024-07-20 11:00:53 +0000"
    },
    "done": true
  },
  "minecraft:recipes/decorations/torch": {
    "criteria": {
      "has_stone_pickaxe": "2024-07-20 11:05:49 +0000"
    },
    "done": true
  },
  "smallships:recipes/lotr_beech_dhow": {
    "criteria": {
      "in_water": "2024-07-20 11:00:53 +0000"
    },
    "done": true
  },
  "smallships:recipes/lotr_pine_brigg": {
    "criteria": {
      "in_water": "2024-07-20 11:00:53 +0000"
    },
    "done": true
  },
  "smallships:recipes/lotr_mallorn_galley": {
    "criteria": {
      "in_water": "2024-07-20 11:00:53 +0000"
    },
    "done": true
  },
  "smallships:recipes/spruce_brigg": {
    "criteria": {
      "in_water": "2024-07-20 11:00:53 +0000"
    },
    "done": true
  },
  "minecraft:recipes/misc/stick": {
    "criteria": {
      "has_planks": "2024-07-20 11:04:01 +0000"
    },
    "done": true
  },
  "smallships:recipes/lotr_cypress_drakkar": {
    "criteria": {
      "in_water": "2024-07-20 11:00:53 +0000"
    },
    "done": true
  },
  "smallships:recipes/bop_umbran_galley": {
    "criteria": {
      "in_water": "2024-07-20 11:00:53 +0000"
    },
    "done": true
  },
  "lootr:1chest": {
    "criteria": {
      "opened_chest": "2024-07-20 11:14:25 +0000"
    },
    "done": true
  },
  "smallships:recipes/lotr_lebethron_galley": {
    "criteria": {
      "in_water": "2024-07-20 11:00:53 +0000"
    },
    "done": true
  },
  "smallships:recipes/lotr_charred_war_galley": {
    "criteria": {
      "in_water": "2024-07-20 11:00:53 +0000"
    },
    "done": true
  },
  "smallships:recipes/lotr_cherry_rowboat": {
    "criteria": {
      "in_water": "2024-07-20 11:00:53 +0000"
    },
    "done": true
  },
  "smallships:recipes/lotr_maple_rowboat": {
    "criteria": {
      "in_water": "2024-07-20 11:00:53 +0000"
    },
    "done": true
  },
  "smallships:recipes/bop_umbran_drakkar": {
    "criteria": {
      "in_water": "2024-07-20 11:00:53 +0000"
    },
    "done": true
  },
  "smallships:recipes/lotr_fir_war_galley": {
    "criteria": {
      "in_water": "2024-07-20 11:00:53 +0000"
    },
    "done": true
  },
  "smallships:recipes/lotr_larch_war_galley": {
    "criteria": {
      "in_water": "2024-07-20 11:00:53 +0000"
    },
    "done": true
  },
  "minecraft:recipes/building_blocks/cobblestone_slab": {
    "criteria": {
      "has_cobblestone": "2024-07-20 11:05:32 +0000"
    },
    "done": true
  },
  "smallships:recipes/bop_redwood_drakkar": {
    "criteria": {
      "in_water": "2024-07-20 11:00:53 +0000"
    },
    "done": true
  },
  "cfm:recipes/cfm/oak_bedside_cabinet": {
    "criteria": {
      "has_log": "2024-07-20 11:01:22 +0000"
    },
    "done": true
  },
  "smallships:recipes/birch_war_galley": {
    "criteria": {
      "in_water": "2024-07-20 11:00:53 +0000"
    },
    "done": true
  },
  "smallships:recipes/bop_umbran_cog": {
    "criteria": {
      "in_water": "2024-07-20 11:00:53 +0000"
    },
    "done": true
  },
  "smallships:recipes/lotr_green_oak_drakkar": {
    "criteria": {
      "in_water": "2024-07-20 11:00:53 +0000"
    },
    "done": true
  },
  "smallships:recipes/lotr_cypress_rowboat": {
    "criteria": {
      "in_water": "2024-07-20 11:00:53 +0000"
    },
    "done": true
  },
  "smallships:recipes/lotr_aspen_cog": {
    "criteria": {
      "in_water": "2024-07-20 11:00:53 +0000"
    },
    "done": true
  },
  "smallships:recipes/birch_brigg": {
    "criteria": {
      "in_water": "2024-07-20 11:00:53 +0000"
    },
    "done": true
  },
  "minecraft:recipes/building_blocks/light_gray_concrete_powder": {
    "criteria": {
      "has_sand": "2024-07-20 11:01:13 +0000"
    },
    "done": true
  },
  "smallships:recipes/envi_cherry_galley": {
    "criteria": {
      "in_water": "2024-07-20 11:00:53 +0000"
    },
    "done": true
  },
  "smallships:recipes/lotr_apple_dhow": {
    "criteria": {
      "in_water": "2024-07-20 11:00:53 +0000"
    },
    "done": true
  },
  "minecraft:recipes/combat/leather_leggings": {
    "criteria": {
      "has_leather": "2024-07-20 11:02:06 +0000"
    },
    "done": true
  },
  "smallships:recipes/lotr_cherry_war_galley": {
    "criteria": {
      "in_water": "2024-07-20 11:00:53 +0000"
    },
    "done": true
  },
  "minecraft:recipes/building_blocks/pink_concrete_powder": {
    "criteria": {
      "has_sand": "2024-07-20 11:01:13 +0000"
    },
    "done": true
  },
  "minecraft:recipes/food/cooked_mutton_from_grill_cooking": {
    "criteria": {
      "has_mutton": "2024-07-20 11:02:24 +0000"
    },
    "done": true
  },
  "smallships:recipes/dark_oak_brigg": {
    "criteria": {
      "in_water": "2024-07-20 11:00:53 +0000"
    },
    "done": true
  },
  "minecraft:recipes/decorations/magenta_bed_from_white_bed": {
    "criteria": {
      "has_bed": "2024-07-20 11:18:23 +0000"
    },
    "done": true
  },
  "smallships:recipes/lotr_rotten_dhow": {
    "criteria": {
      "in_water": "2024-07-20 11:00:53 +0000"
    },
    "done": true
  },
  "smallships:recipes/oak_dhow": {
    "criteria": {
      "in_water": "2024-07-20 11:00:53 +0000"
    },
    "done": true
  },
  "smallships:recipes/lotr_mallorn_rowboat": {
    "criteria": {
      "in_water": "2024-07-20 11:00:53 +0000"
    },
    "done": true
  },
  "minecraft:recipes/building_blocks/blue_wool": {
    "criteria": {
      "has_white_wool": "2024-07-20 11:02:24 +0000"
    },
    "done": true
  },
  "smallships:recipes/bop_dead_dhow": {
    "criteria": {
      "in_water": "2024-07-20 11:00:53 +0000"
    },
    "done": true
  },
  "smallships:recipes/dark_oak_cog": {
    "criteria": {
      "in_water": "2024-07-20 11:00:53 +0000"
    },
    "done": true
  },
  "smallships:recipes/lotr_pine_galley": {
    "criteria": {
      "in_water": "2024-07-20 11:00:53 +0000"
    },
    "done": true
  },
  "minecraft:recipes/building_blocks/sandstone": {
    "criteria": {
      "has_sand": "2024-07-20 11:01:13 +0000"
    },
    "done": true
  },
  "smallships:recipes/lotr_cedar_galley": {
    "criteria": {
      "in_water": "2024-07-20 11:00:53 +0000"
    },
    "done": true
  },
  "minecraft:recipes/building_blocks/cobblestone_slab_from_cobblestone_stonecutting": {
    "criteria": {
      "has_cobblestone": "2024-07-20 11:05:32 +0000"
    },
    "done": true
  },
  "smallships:recipes/bop_mahogany_galley": {
    "criteria": {
      "in_water": "2024-07-20 11:00:53 +0000"
    },
    "done": true
  },
  "minecraft:recipes/building_blocks/oak_stairs": {
    "criteria": {
      "has_planks": "2024-07-20 11:04:01 +0000"
    },
    "done": true
  },
  "cfm:recipes/cfm/oak_kitchen_drawer": {
    "criteria": {
      "has_log": "2024-07-20 11:01:22 +0000"
    },
    "done": true
  },
  "smallships:recipes/lotr_holly_brigg": {
    "criteria": {
      "in_water": "2024-07-20 11:00:53 +0000"
    },
    "done": true
  },
  "smallships:recipes/bop_umbran_dhow": {
    "criteria": {
      "in_water": "2024-07-20 11:00:53 +0000"
    },
    "done": true
  },
  "cfm:recipes/cfm/stripped_oak_coffee_table": {
    "criteria": {
      "has_planks": "2024-07-20 11:01:22 +0000"
    },
    "done": true
  },
  "minecraft:recipes/transportation/acacia_boat": {
    "criteria": {
      "in_water": "2024-07-20 11:00:53 +0000"
    },
    "done": true
  },
  "cfm:recipes/cfm/stripped_oak_cabinet": {
    "criteria": {
      "has_log": "2024-07-20 11:01:22 +0000"
    },
    "done": true
  },
  "farmersdelight:recipes/farmersdelight/cutting_board": {
    "criteria": {
      "has_stick": "2024-07-20 11:04:19 +0000"
    },
    "done": true
  },
  "smallships:recipes/sail_item": {
    "criteria": {
      "in_water": "2024-07-20 11:00:53 +0000"
    },
    "done": true
  },
  "minecraft:adventure/root": {
    "criteria": {
      "killed_something": "2024-07-20 10:56:04 +0000"
    },
    "done": true
  },
  "smallships:recipes/lotr_larch_rowboat": {
    "criteria": {
      "in_water": "2024-07-20 11:00:53 +0000"
    },
    "done": true
  },
  "lootr:social": {
    "criteria": {
      "opened_chest": "2024-07-20 11:14:25 +0000"
    },
    "done": false
  },
  "minecraft:recipes/decorations/gray_bed_from_white_bed": {
    "criteria": {
      "has_bed": "2024-07-20 11:18:23 +0000"
    },
    "done": true
  },
  "minecraft:recipes/building_blocks/white_concrete_powder": {
    "criteria": {
      "has_sand": "2024-07-20 11:01:13 +0000"
    },
    "done": true
  },
  "smallships:recipes/envi_willow_dhow": {
    "criteria": {
      "in_water": "2024-07-20 11:00:53 +0000"
    },
    "done": true
  },
  "cfm:recipes/cfm/stripped_oak_desk_cabinet": {
    "criteria": {
      "has_planks": "2024-07-20 11:01:22 +0000"
    },
    "done": true
  },
  "minecraft:adventure/kill_all_mobs": {
    "criteria": {
      "minecraft:skeleton": "2024-07-20 11:04:39 +0000",
      "minecraft:zombie": "2024-07-20 11:00:40 +0000"
    },
    "done": false
  },
  "smallships:recipes/lotr_apple_brigg": {
    "criteria": {
      "in_water": "2024-07-20 11:00:53 +0000"
    },
    "done": true
  },
  "minecraft:recipes/food/cooked_beef_from_smoking": {
    "criteria": {
      "has_beef": "2024-07-20 11:02:06 +0000"
    },
    "done": true
  },
  "smallships:recipes/lotr_cypress_war_galley": {
    "criteria": {
      "in_water": "2024-07-20 11:00:53 +0000"
    },
    "done": true
  },
  "smallships:recipes/lotr_holly_drakkar": {
    "criteria": {
      "in_water": "2024-07-20 11:00:53 +0000"
    },
    "done": true
  },
  "minecraft:recipes/decorations/pink_bed_from_white_bed": {
    "criteria": {
      "has_bed": "2024-07-20 11:18:23 +0000"
    },
    "done": true
  },
  "smallships:recipes/lotr_cypress_galley": {
    "criteria": {
      "in_water": "2024-07-20 11:00:53 +0000"
    },
    "done": true
  },
  "smallships:recipes/lotr_charred_galley": {
    "criteria": {
      "in_water": "2024-07-20 11:00:53 +0000"
    },
    "done": true
  },
  "smallships:recipes/lotr_cherry_brigg": {
    "criteria": {
      "in_water": "2024-07-20 11:00:53 +0000"
    },
    "done": true
  },
  "minecraft:recipes/food/cooked_mutton_from_smoking": {
    "criteria": {
      "has_mutton": "2024-07-20 11:02:24 +0000"
    },
    "done": true
  },
  "smallships:recipes/lotr_maple_war_galley": {
    "criteria": {
      "in_water": "2024-07-20 11:00:53 +0000"
    },
    "done": true
  },
  "smallships:recipes/bop_jacaranda_war_galley": {
    "criteria": {
      "in_water": "2024-07-20 11:00:53 +0000"
    },
    "done": true
  },
  "smallships:recipes/bop_magic_rowboat": {
    "criteria": {
      "in_water": "2024-07-20 11:00:53 +0000"
    },
    "done": true
  },
  "smallships:recipes/lotr_rotten_drakkar": {
    "criteria": {
      "in_water": "2024-07-20 11:00:53 +0000"
    },
    "done": true
  },
  "minecraft:recipes/decorations/oak_fence": {
    "criteria": {
      "has_planks": "2024-07-20 11:04:01 +0000"
    },
    "done": true
  },
  "smallships:recipes/lotr_pine_rowboat": {
    "criteria": {
      "in_water": "2024-07-20 11:00:53 +0000"
    },
    "done": true
  },
  "smallships:recipes/bop_palm_drakkar": {
    "criteria": {
      "in_water": "2024-07-20 11:00:53 +0000"
    },
    "done": true
  },
  "smallships:recipes/lotr_charred_cog": {
    "criteria": {
      "in_water": "2024-07-20 11:00:53 +0000"
    },
    "done": true
  },
  "minecraft:recipes/building_blocks/orange_concrete_powder": {
    "criteria": {
      "has_sand": "2024-07-20 11:01:13 +0000"
    },
    "done": true
  },
  "minecraft:recipes/building_blocks/oak_slab": {
    "criteria": {
      "has_planks": "2024-07-20 11:04:01 +0000"
    },
    "done": true
  },
  "smallships:recipes/bop_magic_galley": {
    "criteria": {
      "in_water": "2024-07-20 11:00:53 +0000"
    },
    "done": true
  },
  "cfm:recipes/cfm/stripped_oak_park_bench": {
    "criteria": {
      "has_log": "2024-07-20 11:01:22 +0000"
    },
    "done": true
  },
  "smallships:recipes/bop_fir_drakkar": {
    "criteria": {
      "in_water": "2024-07-20 11:00:53 +0000"
    },
    "done": true
  },
  "smallships:recipes/spruce_drakkar": {
    "criteria": {
      "in_water": "2024-07-20 11:00:53 +0000",
      "has_the_recipe": "2024-07-20 11:00:53 +0000"
    },
    "done": true
  },
  "smallships:recipes/bop_willow_war_galley": {
    "criteria": {
      "in_water": "2024-07-20 11:00:53 +0000"
    },
    "done": true
  },
  "smallships:recipes/lotr_beech_brigg": {
    "criteria": {
      "in_water": "2024-07-20 11:00:53 +0000"
    },
    "done": true
  },
  "minecraft:recipes/building_blocks/black_wool": {
    "criteria": {
      "has_white_wool": "2024-07-20 11:02:24 +0000"
    },
    "done": true
  },
  "smallships:recipes/lotr_aspen_brigg": {
    "criteria": {
      "in_water": "2024-07-20 11:00:53 +0000"
    },
    "done": true
  },
  "smallships:recipes/lotr_mirk_oak_rowboat": {
    "criteria": {
      "in_water": "2024-07-20 11:00:53 +0000"
    },
    "done": true
  },
  "smallships:recipes/oak_brigg": {
    "criteria": {
      "in_water": "2024-07-20 11:00:53 +0000"
    },
    "done": true
  },
  "smallships:recipes/jungle_galley": {
    "criteria": {
      "in_water": "2024-07-20 11:00:53 +0000"
    },
    "done": true
  },
  "smallships:recipes/lotr_larch_drakkar": {
    "criteria": {
      "in_water": "2024-07-20 11:00:53 +0000"
    },
    "done": true
  },
  "smallships:recipes/lotr_lairelosse_galley": {
    "criteria": {
      "in_water": "2024-07-20 11:00:53 +0000"
    },
    "done": true
  },
  "cfm:recipes/cfm/stripped_oak_crate": {
    "criteria": {
      "has_planks": "2024-07-20 11:01:22 +0000"
    },
    "done": true
  },
  "cfm:recipes/cfm/oak_chair": {
    "criteria": {
      "has_log": "2024-07-20 11:01:22 +0000"
    },
    "done": true
  },
  "smallships:recipes/spruce_cog": {
    "criteria": {
      "in_water": "2024-07-20 11:00:53 +0000"
    },
    "done": true
  },
  "smallships:recipes/lotr_lairelosse_cog": {
    "criteria": {
      "in_water": "2024-07-20 11:00:53 +0000"
    },
    "done": true
  },
  "smallships:recipes/oak_war_galley": {
    "criteria": {
      "in_water": "2024-07-20 11:00:53 +0000"
    },
    "done": true
  },
  "minecraft:recipes/building_blocks/light_blue_wool": {
    "criteria": {
      "has_white_wool": "2024-07-20 11:02:24 +0000"
    },
    "done": true
  },
  "minecraft:recipes/combat/wooden_sword": {
    "criteria": {
      "has_stick": "2024-07-20 11:04:19 +0000"
    },
    "done": true
  },
  "smallships:recipes/envi_willow_cog": {
    "criteria": {
      "in_water": "2024-07-20 11:00:53 +0000"
    },
    "done": true
  },
  "minecraft:recipes/building_blocks/oak_planks": {
    "criteria": {
      "has_logs": "2024-07-20 11:01:22 +0000"
    },
    "done": true
  },
  "smallships:recipes/acacia_cog": {
    "criteria": {
      "in_water": "2024-07-20 11:00:53 +0000"
    },
    "done": true
  },
  "minecraft:recipes/building_blocks/gray_concrete_powder": {
    "criteria": {
      "has_sand": "2024-07-20 11:01:13 +0000"
    },
    "done": true
  },
  "smallships:recipes/jungle_war_galley": {
    "criteria": {
      "in_water": "2024-07-20 11:00:53 +0000"
    },
    "done": true
  },
  "smallships:recipes/bop_magic_dhow": {
    "criteria": {
      "in_water": "2024-07-20 11:00:53 +0000"
    },
    "done": true
  },
  "cfm:recipes/cfm/stripped_oak_kitchen_counter": {
    "criteria": {
      "has_log": "2024-07-20 11:01:22 +0000"
    },
    "done": true
  },
  "smallships:recipes/bop_hellbark_cog": {
    "criteria": {
      "in_water": "2024-07-20 11:00:53 +0000"
    },
    "done": true
  },
  "smallships:recipes/lotr_beech_rowboat": {
    "criteria": {
      "in_water": "2024-07-20 11:00:53 +0000"
    },
    "done": true
  },
  "smallships:recipes/lotr_beech_cog": {
    "criteria": {
      "in_water": "2024-07-20 11:00:53 +0000"
    },
    "done": true
  },
  "smallships:recipes/lotr_larch_cog": {
    "criteria": {
      "in_water": "2024-07-20 11:00:53 +0000"
    },
    "done": true
  },
  "smallships:recipes/bop_hellbark_dhow": {
    "criteria": {
      "in_water": "2024-07-20 11:00:53 +0000"
    },
    "done": true
  },
  "minecraft:recipes/misc/bone_meal": {
    "criteria": {
      "has_bone": "2024-07-20 11:04:49 +0000"
    },
    "done": true
  },
  "smallships:recipes/spruce_dhow": {
    "criteria": {
      "in_water": "2024-07-20 11:00:53 +0000"
    },
    "done": true
  },
  "minecraft:recipes/building_blocks/black_concrete_powder": {
    "criteria": {
      "has_sand": "2024-07-20 11:01:13 +0000"
    },
    "done": true
  },
  "mineminenomi:recipes/misc/cannon_ball": {
    "criteria": {
      "has_cobblestone": "2024-07-20 11:05:32 +0000"
    },
    "done": true
  },
  "smallships:recipes/bop_willow_brigg": {
    "criteria": {
      "in_water": "2024-07-20 11:00:53 +0000"
    },
    "done": true
  },
  "smallships:recipes/lotr_mallorn_cog": {
    "criteria": {
      "in_water": "2024-07-20 11:00:53 +0000"
    },
    "done": true
  },
  "smallships:recipes/bop_dead_war_galley": {
    "criteria": {
      "in_water": "2024-07-20 11:00:53 +0000"
    },
    "done": true
  },
  "smallships:recipes/bop_palm_war_galley": {
    "criteria": {
      "in_water": "2024-07-20 11:00:53 +0000"
    },
    "done": true
  },
  "smallships:recipes/envi_wisteria_galley": {
    "criteria": {
      "in_water": "2024-07-20 11:00:53 +0000"
    },
    "done": true
  },
  "smallships:recipes/bop_mahogany_cog": {
    "criteria": {
      "in_water": "2024-07-20 11:00:53 +0000"
    },
    "done": true
  },
  "smallships:recipes/oak_galley": {
    "criteria": {
      "in_water": "2024-07-20 11:00:53 +0000"
    },
    "done": true
  },
  "smallships:recipes/lotr_cypress_brigg": {
    "criteria": {
      "in_water": "2024-07-20 11:00:53 +0000"
    },
    "done": true
  },
  "minecraft:recipes/combat/crossbow": {
    "criteria": {
      "has_stick": "2024-07-20 11:04:19 +0000"
    },
    "done": true
  },
  "minecraft:recipes/building_blocks/yellow_wool": {
    "criteria": {
      "has_white_wool": "2024-07-20 11:02:24 +0000"
    },
    "done": true
  },
  "smallships:recipes/bop_jacaranda_galley": {
    "criteria": {
      "in_water": "2024-07-20 11:00:53 +0000"
    },
    "done": true
  },
  "minecraft:recipes/decorations/oak_sign": {
    "criteria": {
      "has_oak_planks": "2024-07-20 11:04:01 +0000"
    },
    "done": true
  },
  "minecraft:recipes/redstone/oak_trapdoor": {
    "criteria": {
      "has_planks": "2024-07-20 11:04:01 +0000"
    },
    "done": true
  },
  "smallships:recipes/lotr_cherry_dhow": {
    "criteria": {
      "in_water": "2024-07-20 11:00:53 +0000"
    },
    "done": true
  },
  "smallships:recipes/lotr_green_oak_cog": {
    "criteria": {
      "in_water": "2024-07-20 11:00:53 +0000"
    },
    "done": true
  },
  "smallships:recipes/lotr_charred_rowboat": {
    "criteria": {
      "in_water": "2024-07-20 11:00:53 +0000"
    },
    "done": true
  },
  "smallships:recipes/jungle_dhow": {
    "criteria": {
      "in_water": "2024-07-20 11:00:53 +0000"
    },
    "done": true
  },
  "smallships:recipes/lotr_maple_drakkar": {
    "criteria": {
      "in_water": "2024-07-20 11:00:53 +0000"
    },
    "done": true
  },
  "minecraft:recipes/building_blocks/red_concrete_powder": {
    "criteria": {
      "has_sand": "2024-07-20 11:01:13 +0000"
    },
    "done": true
  },
  "minecraft:recipes/decorations/light_blue_bed_from_white_bed": {
    "criteria": {
      "has_bed": "2024-07-20 11:18:23 +0000"
    },
    "done": true
  },
  "cfm:recipes/cfm/stripped_oak_desk": {
    "criteria": {
      "has_planks": "2024-07-20 11:01:22 +0000"
    },
    "done": true
  },
  "smallships:recipes/bop_cherry_brigg": {
    "criteria": {
      "in_water": "2024-07-20 11:00:53 +0000"
    },
    "done": true
  },
  "smallships:recipes/bop_dead_brigg": {
    "criteria": {
      "in_water": "2024-07-20 11:00:53 +0000"
    },
    "done": true
  },
  "smallships:recipes/envi_wisteria_war_galley": {
    "criteria": {
      "in_water": "2024-07-20 11:00:53 +0000"
    },
    "done": true
  },
  "lootr:root": {
    "criteria": {
      "always_true": "2024-07-20 10:49:50 +0000"
    },
    "done": true
  },
  "minecraft:adventure/kill_a_mob": {
    "criteria": {
      "minecraft:zombie": "2024-07-20 11:00:40 +0000"
    },
    "done": true
  },
  "smallships:recipes/bop_cherry_drakkar": {
    "criteria": {
      "in_water": "2024-07-20 11:00:53 +0000"
    },
    "done": true
  },
  "smallships:recipes/bop_jacaranda_rowboat": {
    "criteria": {
      "in_water": "2024-07-20 11:00:53 +0000"
    },
    "done": true
  },
  "smallships:recipes/lotr_green_oak_galley": {
    "criteria": {
      "in_water": "2024-07-20 11:00:53 +0000"
    },
    "done": true
  },
  "smallships:recipes/acacia_drakkar": {
    "criteria": {
      "in_water": "2024-07-20 11:00:53 +0000",
      "has_the_recipe": "2024-07-20 11:00:53 +0000"
    },
    "done": true
  },
  "smallships:recipes/bop_mahogany_rowboat": {
    "criteria": {
      "in_water": "2024-07-20 11:00:53 +0000"
    },
    "done": true
  },
  "minecraft:recipes/building_blocks/stone": {
    "criteria": {
      "has_cobblestone": "2024-07-20 11:05:32 +0000"
    },
    "done": true
  },
  "smallships:recipes/lotr_lebethron_war_galley": {
    "criteria": {
      "in_water": "2024-07-20 11:00:53 +0000"
    },
    "done": true
  },
  "smallships:recipes/bop_palm_cog": {
    "criteria": {
      "in_water": "2024-07-20 11:00:53 +0000"
    },
    "done": true
  },
  "smallships:recipes/envi_willow_drakkar": {
    "criteria": {
      "in_water": "2024-07-20 11:00:53 +0000"
    },
    "done": true
  },
  "smallships:recipes/dark_oak_dhow": {
    "criteria": {
      "in_water": "2024-07-20 11:00:53 +0000"
    },
    "done": true
  },
  "minecraft:adventure/adventuring_time": {
    "criteria": {
      "minecraft:forest": "2024-07-20 11:00:47 +0000",
      "minecraft:warm_ocean": "2024-07-20 11:12:11 +0000",
      "minecraft:beach": "2024-07-20 11:00:35 +0000",
      "minecraft:river": "2024-07-20 11:01:29 +0000",
      "minecraft:lukewarm_ocean": "2024-07-20 11:01:36 +0000",
      "minecraft:wooded_hills": "2024-07-20 10:55:48 +0000",
      "minecraft:swamp": "2024-07-20 11:02:45 +0000",
      "minecraft:plains": "2024-07-20 10:49:50 +0000"
    },
    "done": false
  },
  "smallships:recipes/lotr_pear_war_galley": {
    "criteria": {
      "in_water": "2024-07-20 11:00:53 +0000"
    },
    "done": true
  },
  "minecraft:recipes/decorations/purple_bed_from_white_bed": {
    "criteria": {
      "has_bed": "2024-07-20 11:18:23 +0000"
    },
    "done": true
  },
  "smallships:recipes/bop_jacaranda_brigg": {
    "criteria": {
      "in_water": "2024-07-20 11:00:53 +0000"
    },
    "done": true
  },
  "smallships:recipes/envi_willow_war_galley": {
    "criteria": {
      "in_water": "2024-07-20 11:00:53 +0000"
    },
    "done": true
  },
  "minecraft:recipes/combat/stone_sword": {
    "criteria": {
      "has_cobblestone": "2024-07-20 11:05:32 +0000"
    },
    "done": true
  },
  "minecraft:recipes/decorations/cobblestone_wall": {
    "criteria": {
      "has_cobblestone": "2024-07-20 11:05:32 +0000"
    },
    "done": true
  },
  "minecraft:recipes/decorations/barrel": {
    "criteria": {
      "has_planks": "2024-07-20 11:04:01 +0000"
    },
    "done": true
  },
  "cfm:recipes/cfm/stone_cabinet": {
    "criteria": {
      "has_planks": "2024-07-20 11:05:32 +0000"
    },
    "done": true
  },
  "smallships:recipes/lotr_aspen_dhow": {
    "criteria": {
      "in_water": "2024-07-20 11:00:53 +0000"
    },
    "done": true
  },
  "smallships:recipes/envi_cherry_war_galley": {
    "criteria": {
      "in_water": "2024-07-20 11:00:53 +0000"
    },
    "done": true
  },
  "minecraft:recipes/tools/stone_pickaxe": {
    "criteria": {
      "has_cobblestone": "2024-07-20 11:05:32 +0000"
    },
    "done": true
  },
  "cfm:recipes/cfm/oak_desk_cabinet": {
    "criteria": {
      "has_log": "2024-07-20 11:01:22 +0000"
    },
    "done": true
  },
  "smallships:recipes/bop_palm_dhow": {
    "criteria": {
      "in_water": "2024-07-20 11:00:53 +0000"
    },
    "done": true
  },
  "minecraft:recipes/combat/leather_boots": {
    "criteria": {
      "has_leather": "2024-07-20 11:02:06 +0000"
    },
    "done": true
  },
  "minecraft:recipes/decorations/cobblestone_wall_from_cobblestone_stonecutting": {
    "criteria": {
      "has_cobblestone": "2024-07-20 11:05:32 +0000"
    },
    "done": true
  },
  "smallships:recipes/lotr_apple_drakkar": {
    "criteria": {
      "in_water": "2024-07-20 11:00:53 +0000"
    },
    "done": true
  },
  "smallships:recipes/envi_wisteria_brigg": {
    "criteria": {
      "in_water": "2024-07-20 11:00:53 +0000"
    },
    "done": true
  },
  "smallships:recipes/lotr_pine_dhow": {
    "criteria": {
      "in_water": "2024-07-20 11:00:53 +0000"
    },
    "done": true
  },
  "smallships:recipes/lotr_mallorn_war_galley": {
    "criteria": {
      "in_water": "2024-07-20 11:00:53 +0000"
    },
    "done": true
  },
  "smallships:recipes/lotr_rotten_cog": {
    "criteria": {
      "in_water": "2024-07-20 11:00:53 +0000"
    },
    "done": true
  },
  "smallships:recipes/lotr_mallorn_drakkar": {
    "criteria": {
      "in_water": "2024-07-20 11:00:53 +0000"
    },
    "done": true
  },
  "mineminenomi:recipes/misc/flag": {
    "criteria": {
      "has_wool": "2024-07-20 11:02:24 +0000"
    },
    "done": true
  },
  "smallships:recipes/lotr_aspen_rowboat": {
    "criteria": {
      "in_water": "2024-07-20 11:00:53 +0000"
    },
    "done": true
  },
  "cfm:recipes/cfm/stone_table": {
    "criteria": {
      "has_planks": "2024-07-20 11:05:32 +0000"
    },
    "done": true
  },
  "minecraft:recipes/building_blocks/light_gray_wool": {
    "criteria": {
      "has_white_wool": "2024-07-20 11:02:24 +0000"
    },
    "done": true
  },
  "minecraft:recipes/decorations/red_bed_from_white_bed": {
    "criteria": {
      "has_bed": "2024-07-20 11:18:23 +0000"
    },
    "done": true
  },
  "minecraft:recipes/building_blocks/red_wool": {
    "criteria": {
      "has_white_wool": "2024-07-20 11:02:24 +0000"
    },
    "done": true
  },
  "minecraft:recipes/tools/stone_axe": {
    "criteria": {
      "has_cobblestone": "2024-07-20 11:05:32 +0000"
    },
    "done": true
  },
  "minecraft:recipes/food/cooked_mutton": {
    "criteria": {
      "has_mutton": "2024-07-20 11:02:24 +0000"
    },
    "done": true
  },
  "smallships:recipes/lotr_apple_galley": {
    "criteria": {
      "in_water": "2024-07-20 11:00:53 +0000"
    },
    "done": true
  },
  "smallships:recipes/lotr_larch_dhow": {
    "criteria": {
      "in_water": "2024-07-20 11:00:53 +0000"
    },
    "done": true
  },
  "minecraft:recipes/building_blocks/purple_wool": {
    "criteria": {
      "has_white_wool": "2024-07-20 11:02:24 +0000"
    },
    "done": true
  },
  "smallships:recipes/lotr_lairelosse_drakkar": {
    "criteria": {
      "in_water": "2024-07-20 11:00:53 +0000"
    },
    "done": true
  },
  "minecraft:recipes/building_blocks/cobblestone_stairs_from_cobblestone_stonecutting": {
    "criteria": {
      "has_cobblestone": "2024-07-20 11:05:32 +0000"
    },
    "done": true
  },
  "minecraft:recipes/building_blocks/magenta_concrete_powder": {
    "criteria": {
      "has_sand": "2024-07-20 11:01:13 +0000"
    },
    "done": true
  },
  "smallships:recipes/bop_cherry_cog": {
    "criteria": {
      "in_water": "2024-07-20 11:00:53 +0000"
    },
    "done": true
  },
  "minecraft:recipes/decorations/white_bed": {
    "criteria": {
      "has_white_wool": "2024-07-20 11:02:24 +0000"
    },
    "done": true
  },
  "smallships:recipes/lotr_holly_galley": {
    "criteria": {
      "in_water": "2024-07-20 11:00:53 +0000"
    },
    "done": true
  },
  "smallships:recipes/lotr_fir_cog": {
    "criteria": {
      "in_water": "2024-07-20 11:00:53 +0000"
    },
    "done": true
  },
  "smallships:recipes/lotr_fir_rowboat": {
    "criteria": {
      "in_water": "2024-07-20 11:00:53 +0000"
    },
    "done": true
  },
  "minecolonies:recipes/minecolonies/blockconstructiontape": {
    "criteria": {
      "has_wool": "2024-07-20 11:02:24 +0000"
    },
    "done": true
  },
  "smallships:recipes/envi_cherry_brigg": {
    "criteria": {
      "in_water": "2024-07-20 11:00:53 +0000"
    },
    "done": true
  },
  "cfm:recipes/cfm/stone_desk_cabinet": {
    "criteria": {
      "has_planks": "2024-07-20 11:05:32 +0000"
    },
    "done": true
  },
  "smallships:recipes/envi_wisteria_drakkar": {
    "criteria": {
      "in_water": "2024-07-20 11:00:53 +0000"
    },
    "done": true
  },
  "minecraft:recipes/decorations/campfire": {
    "criteria": {
      "has_stick": "2024-07-20 11:04:19 +0000"
    },
    "done": true
  },
  "smallships:recipes/lotr_cedar_cog": {
    "criteria": {
      "in_water": "2024-07-20 11:00:53 +0000"
    },
    "done": true
  },
  "smallships:recipes/lotr_maple_brigg": {
    "criteria": {
      "in_water": "2024-07-20 11:00:53 +0000"
    },
    "done": true
  },
  "cfm:recipes/cfm/stone_coffee_table": {
    "criteria": {
      "has_planks": "2024-07-20 11:05:32 +0000"
    },
    "done": true
  },
  "minecraft:recipes/building_blocks/brown_concrete_powder": {
    "criteria": {
      "has_sand": "2024-07-20 11:01:13 +0000"
    },
    "done": true
  },
  "minecraft:recipes/decorations/black_bed_from_white_bed": {
    "criteria": {
      "has_bed": "2024-07-20 11:18:23 +0000"
    },
    "done": true
  },
  "cfm:recipes/cfm/stripped_oak_chair": {
    "criteria": {
      "has_planks": "2024-07-20 11:01:22 +0000"
    },
    "done": true
  },
  "smallships:recipes/lotr_aspen_war_galley": {
    "criteria": {
      "in_water": "2024-07-20 11:00:53 +0000"
    },
    "done": true
  },
  "smallships:recipes/lotr_holly_war_galley": {
    "criteria": {
      "in_water": "2024-07-20 11:00:53 +0000"
    },
    "done": true
  },
  "minecraft:recipes/building_blocks/cyan_wool": {
    "criteria": {
      "has_white_wool": "2024-07-20 11:02:24 +0000"
    },
    "done": true
  },
  "smallships:recipes/bop_fir_galley": {
    "criteria": {
      "in_water": "2024-07-20 11:00:53 +0000"
    },
    "done": true
  },
  "cfm:recipes/cfm/oak_crate": {
    "criteria": {
      "has_log": "2024-07-20 11:01:22 +0000"
    },
    "done": true
  },
  "minecraft:recipes/food/cooked_beef_from_grill_cooking": {
    "criteria": {
      "has_beef": "2024-07-20 11:02:06 +0000"
    },
    "done": true
  },
  "smallships:recipes/bop_magic_war_galley": {
    "criteria": {
      "in_water": "2024-07-20 11:00:53 +0000"
    },
    "done": true
  },
  "smallships:recipes/lotr_beech_galley": {
    "criteria": {
      "in_water": "2024-07-20 11:00:53 +0000"
    },
    "done": true
  },
  "minecraft:recipes/transportation/spruce_boat": {
    "criteria": {
      "in_water": "2024-07-20 11:00:53 +0000"
    },
    "done": true
  },
  "cfm:recipes/cfm/stripped_oak_table": {
    "criteria": {
      "has_planks": "2024-07-20 11:01:22 +0000"
    },
    "done": true
  },
  "smallships:recipes/bop_jacaranda_drakkar": {
    "criteria": {
      "in_water": "2024-07-20 11:00:53 +0000"
    },
    "done": true
  },
  "smallships:recipes/lotr_larch_galley": {
    "criteria": {
      "in_water": "2024-07-20 11:00:53 +0000"
    },
    "done": true
  },
  "smallships:recipes/envi_cherry_drakkar": {
    "criteria": {
      "in_water": "2024-07-20 11:00:53 +0000"
    },
    "done": true
  },
  "smallships:recipes/birch_dhow": {
    "criteria": {
      "in_water": "2024-07-20 11:00:53 +0000"
    },
    "done": true
  },
  "smallships:recipes/bop_umbran_brigg": {
    "criteria": {
      "in_water": "2024-07-20 11:00:53 +0000"
    },
    "done": true
  },
  "smallships:recipes/lotr_rotten_galley": {
    "criteria": {
      "in_water": "2024-07-20 11:00:53 +0000"
    },
    "done": true
  },
  "minecraft:recipes/building_blocks/gray_wool": {
    "criteria": {
      "has_white_wool": "2024-07-20 11:02:24 +0000"
    },
    "done": true
  },
  "cfm:recipes/cfm/oak_kitchen_counter": {
    "criteria": {
      "has_log": "2024-07-20 11:01:22 +0000"
    },
    "done": true
  },
  "smallships:recipes/lotr_pine_war_galley": {
    "criteria": {
      "in_water": "2024-07-20 11:00:53 +0000"
    },
    "done": true
  },
  "cfm:recipes/cfm/stripped_oak_kitchen_drawer": {
    "criteria": {
      "has_log": "2024-07-20 11:01:22 +0000"
    },
    "done": true
  },
  "smallships:recipes/bop_jacaranda_cog": {
    "criteria": {
      "in_water": "2024-07-20 11:00:53 +0000"
    },
    "done": true
  },
  "minecraft:recipes/tools/wooden_hoe": {
    "criteria": {
      "has_stick": "2024-07-20 11:04:19 +0000"
    },
    "done": true
  },
  "cfm:recipes/cfm/oak_blinds": {
    "criteria": {
      "has_log": "2024-07-20 11:01:22 +0000"
    },
    "done": true
  },
  "cfm:recipes/cfm/stone_desk": {
    "criteria": {
      "has_planks": "2024-07-20 11:05:32 +0000"
    },
    "done": true
  },
  "smallships:recipes/lotr_apple_war_galley": {
    "criteria": {
      "in_water": "2024-07-20 11:00:53 +0000"
    },
    "done": true
  },
  "mineminenomi:recipes/weapons/umbrella": {
    "criteria": {
      "has_wool": "2024-07-20 11:02:24 +0000"
    },
    "done": true
  },
  "smallships:recipes/lotr_cedar_brigg": {
    "criteria": {
      "in_water": "2024-07-20 11:00:53 +0000"
    },
    "done": true
  },
  "smallships:recipes/lotr_rotten_brigg": {
    "criteria": {
      "in_water": "2024-07-20 11:00:53 +0000"
    },
    "done": true
  },
  "smallships:recipes/lotr_holly_dhow": {
    "criteria": {
      "in_water": "2024-07-20 11:00:53 +0000"
    },
    "done": true
  },
  "minecraft:recipes/building_blocks/cobblestone_stairs": {
    "criteria": {
      "has_cobblestone": "2024-07-20 11:05:32 +0000"
    },
    "done": true
  },
  "cfm:recipes/cfm/oak_kitchen_sink_dark": {
    "criteria": {
      "has_bottom": "2024-07-20 11:04:01 +0000"
    },
    "done": true
  },
  "smallships:recipes/jungle_drakkar": {
    "criteria": {
      "in_water": "2024-07-20 11:00:53 +0000",
      "has_the_recipe": "2024-07-20 11:00:53 +0000"
    },
    "done": true
  },
  "smallships:recipes/bop_willow_galley": {
    "criteria": {
      "in_water": "2024-07-20 11:00:53 +0000"
    },
    "done": true
  },
  "minecraft:recipes/decorations/yellow_bed_from_white_bed": {
    "criteria": {
      "has_bed": "2024-07-20 11:18:23 +0000"
    },
    "done": true
  },
  "smallships:recipes/lotr_green_oak_dhow": {
    "criteria": {
      "in_water": "2024-07-20 11:00:53 +0000"
    },
    "done": true
  },
  "smallships:recipes/dark_oak_drakkar": {
    "criteria": {
      "in_water": "2024-07-20 11:00:53 +0000",
      "has_the_recipe": "2024-07-20 11:00:53 +0000"
    },
    "done": true
  },
  "smallships:recipes/lotr_pear_drakkar": {
    "criteria": {
      "in_water": "2024-07-20 11:00:53 +0000"
    },
    "done": true
  },
  "minecraft:recipes/decorations/white_banner": {
    "criteria": {
      "has_white_wool": "2024-07-20 11:02:24 +0000"
    },
    "done": true
  },
  "minecraft:recipes/building_blocks/light_blue_concrete_powder": {
    "criteria": {
      "has_sand": "2024-07-20 11:01:13 +0000"
    },
    "done": true
  },
  "smallships:recipes/bop_fir_brigg": {
    "criteria": {
      "in_water": "2024-07-20 11:00:53 +0000"
    },
    "done": true
  },
  "smallships:recipes/bop_cherry_dhow": {
    "criteria": {
      "in_water": "2024-07-20 11:00:53 +0000"
    },
    "done": true
  },
  "minecraft:recipes/misc/leather_horse_armor": {
    "criteria": {
      "has_leather": "2024-07-20 11:02:06 +0000"
    },
    "done": true
  },
  "minecraft:recipes/building_blocks/glass": {
    "criteria": {
      "has_sand": "2024-07-20 11:01:13 +0000"
    },
    "done": true
  },
  "smallships:recipes/bop_hellbark_rowboat": {
    "criteria": {
      "in_water": "2024-07-20 11:00:53 +0000"
    },
    "done": true
  },
  "minecraft:recipes/redstone/oak_fence_gate": {
    "criteria": {
      "has_planks": "2024-07-20 11:04:01 +0000"
    },
    "done": true
  },
  "cfm:recipes/cfm/white_sofa": {
    "criteria": {
      "has_wool": "2024-07-20 11:02:24 +0000"
    },
    "done": true
  },
  "smallships:recipes/bop_redwood_war_galley": {
    "criteria": {
      "in_water": "2024-07-20 11:00:53 +0000"
    },
    "done": true
  },
  "minecraft:recipes/building_blocks/purple_concrete_powder": {
    "criteria": {
      "has_sand": "2024-07-20 11:01:13 +0000"
    },
    "done": true
  },
  "smallships:recipes/lotr_beech_war_galley": {
    "criteria": {
      "in_water": "2024-07-20 11:00:53 +0000"
    },
    "done": true
  },
  "smallships:recipes/bop_cherry_galley": {
    "criteria": {
      "in_water": "2024-07-20 11:00:53 +0000"
    },
    "done": true
  },
  "minecraft:recipes/decorations/orange_bed_from_white_bed": {
    "criteria": {
      "has_bed": "2024-07-20 11:18:23 +0000"
    },
    "done": true
  },
  "smallships:recipes/bop_willow_cog": {
    "criteria": {
      "in_water": "2024-07-20 11:00:53 +0000"
    },
    "done": true
  },
  "smallships:recipes/lotr_pear_cog": {
    "criteria": {
      "in_water": "2024-07-20 11:00:53 +0000"
    },
    "done": true
  },
  "smallships:recipes/envi_cherry_rowboat": {
    "criteria": {
      "in_water": "2024-07-20 11:00:53 +0000"
    },
    "done": true
  },
  "smallships:recipes/envi_cherry_dhow": {
    "criteria": {
      "in_water": "2024-07-20 11:00:53 +0000"
    },
    "done": true
  },
  "smallships:recipes/lotr_lebethron_cog": {
    "criteria": {
      "in_water": "2024-07-20 11:00:53 +0000"
    },
    "done": true
  },
  "smallships:recipes/lotr_apple_rowboat": {
    "criteria": {
      "in_water": "2024-07-20 11:00:53 +0000"
    },
    "done": true
  },
  "minecraft:story/mine_stone": {
    "criteria": {
      "get_stone": "2024-07-20 11:05:32 +0000"
    },
    "done": true
  },
  "minecraft:recipes/decorations/furnace": {
    "criteria": {
      "has_cobblestone": "2024-07-20 11:05:32 +0000"
    },
    "done": true
  },
  "smallships:recipes/bop_hellbark_drakkar": {
    "criteria": {
      "in_water": "2024-07-20 11:00:53 +0000"
    },
    "done": true
  },
  "minecraft:recipes/misc/charcoal": {
    "criteria": {
      "has_log": "2024-07-20 11:01:22 +0000"
    },
    "done": true
  },
  "minecraft:recipes/building_blocks/orange_wool": {
    "criteria": {
      "has_white_wool": "2024-07-20 11:02:24 +0000"
    },
    "done": true
  },
  "minecraft:recipes/tools/wooden_pickaxe": {
    "criteria": {
      "has_the_recipe": "2024-07-20 11:04:19 +0000"
    },
    "done": true
  },
  "smallships:recipes/lotr_mallorn_brigg": {
    "criteria": {
      "in_water": "2024-07-20 11:00:53 +0000"
    },
    "done": true
  },
  "minecraft:recipes/transportation/birch_boat": {
    "criteria": {
      "in_water": "2024-07-20 11:00:53 +0000"
    },
    "done": true
  },
  "smallships:recipes/acacia_war_galley": {
    "criteria": {
      "in_water": "2024-07-20 11:00:53 +0000"
    },
    "done": true
  },
  "smallships:recipes/acacia_rowboat": {
    "criteria": {
      "in_water": "2024-07-20 11:00:53 +0000"
    },
    "done": true
  },
  "smallships:recipes/jungle_cog": {
    "criteria": {
      "in_water": "2024-07-20 11:00:53 +0000"
    },
    "done": true
  },
  "minecraft:recipes/building_blocks/green_concrete_powder": {
    "criteria": {
      "has_sand": "2024-07-20 11:01:13 +0000"
    },
    "done": true
  },
  "smallships:recipes/lotr_pear_rowboat": {
    "criteria": {
      "in_water": "2024-07-20 11:00:53 +0000"
    },
    "done": true
  },
  "smallships:recipes/bop_jacaranda_dhow": {
    "criteria": {
      "in_water": "2024-07-20 11:00:53 +0000"
    },
    "done": true
  },
  "smallships:recipes/jungle_rowboat": {
    "criteria": {
      "in_water": "2024-07-20 11:00:53 +0000"
    },
    "done": true
  },
  "smallships:recipes/lotr_fir_galley": {
    "criteria": {
      "in_water": "2024-07-20 11:00:53 +0000"
    },
    "done": true
  },
  "smallships:recipes/lotr_pear_galley": {
    "criteria": {
      "in_water": "2024-07-20 11:00:53 +0000"
    },
    "done": true
  },
  "smallships:recipes/birch_cog": {
    "criteria": {
      "in_water": "2024-07-20 11:00:53 +0000"
    },
    "done": true
  },
  "smallships:recipes/lotr_fir_brigg": {
    "criteria": {
      "in_water": "2024-07-20 11:00:53 +0000"
    },
    "done": true
  },
  "smallships:recipes/bop_redwood_galley": {
    "criteria": {
      "in_water": "2024-07-20 11:00:53 +0000"
    },
    "done": true
  },
  "smallships:recipes/birch_drakkar": {
    "criteria": {
      "in_water": "2024-07-20 11:00:53 +0000"
    },
    "done": true
  },
  "smallships:recipes/acacia_brigg": {
    "criteria": {
      "in_water": "2024-07-20 11:00:53 +0000"
    },
    "done": true
  },
  "smallships:recipes/lotr_charred_dhow": {
    "criteria": {
      "in_water": "2024-07-20 11:00:53 +0000"
    },
    "done": true
  },
  "smallships:recipes/bop_magic_brigg": {
    "criteria": {
      "in_water": "2024-07-20 11:00:53 +0000"
    },
    "done": true
  },
  "minecraft:recipes/decorations/cyan_bed_from_white_bed": {
    "criteria": {
      "has_bed": "2024-07-20 11:18:23 +0000"
    },
    "done": true
  },
  "smallships:recipes/bop_fir_war_galley": {
    "criteria": {
      "in_water": "2024-07-20 11:00:53 +0000"
    },
    "done": true
  },
  "smallships:recipes/dark_oak_galley": {
    "criteria": {
      "in_water": "2024-07-20 11:00:53 +0000"
    },
    "done": true
  },
  "smallships:recipes/lotr_aspen_drakkar": {
    "criteria": {
      "in_water": "2024-07-20 11:00:53 +0000"
    },
    "done": true
  },
  "smallships:recipes/lotr_mirk_oak_dhow": {
    "criteria": {
      "in_water": "2024-07-20 11:00:53 +0000"
    },
    "done": true
  },
  "farmersdelight:main/root": {
    "criteria": {
      "seeds": "2024-07-20 10:49:50 +0000"
    },
    "done": true
  },
  "minecraft:recipes/decorations/item_frame": {
    "criteria": {
      "has_leather": "2024-07-20 11:02:06 +0000"
    },
    "done": true
  },
  "minecraft:recipes/decorations/lime_bed_from_white_bed": {
    "criteria": {
      "has_bed": "2024-07-20 11:18:23 +0000"
    },
    "done": true
  },
  "smallships:recipes/envi_willow_rowboat": {
    "criteria": {
      "in_water": "2024-07-20 11:00:53 +0000"
    },
    "done": true
  },
  "smallships:recipes/lotr_lebethron_dhow": {
    "criteria": {
      "in_water": "2024-07-20 11:00:53 +0000"
    },
    "done": true
  },
  "minecraft:recipes/tools/stone_hoe": {
    "criteria": {
      "has_cobblestone": "2024-07-20 11:05:32 +0000"
    },
    "done": true
  },
  "smallships:recipes/lotr_lebethron_drakkar": {
    "criteria": {
      "in_water": "2024-07-20 11:00:53 +0000"
    },
    "done": true
  },
  "smallships:recipes/bop_redwood_dhow": {
    "criteria": {
      "in_water": "2024-07-20 11:00:53 +0000"
    },
    "done": true
  },
  "smallships:recipes/bop_cherry_rowboat": {
    "criteria": {
      "in_water": "2024-07-20 11:00:53 +0000"
    },
    "done": true
  },
  "smallships:recipes/oak_rowboat": {
    "criteria": {
      "in_water": "2024-07-20 11:00:53 +0000"
    },
    "done": true
  },
  "cfm:recipes/cfm/oak_upgraded_gate": {
    "criteria": {
      "has_log": "2024-07-20 11:01:22 +0000"
    },
    "done": true
  },
  "smallships:recipes/lotr_fir_dhow": {
    "criteria": {
      "in_water": "2024-07-20 11:00:53 +0000"
    },
    "done": true
  },
  "minecraft:recipes/decorations/green_bed_from_white_bed": {
    "criteria": {
      "has_bed": "2024-07-20 11:18:23 +0000"
    },
    "done": true
  },
  "smallships:recipes/bop_redwood_cog": {
    "criteria": {
      "in_water": "2024-07-20 11:00:53 +0000"
    },
    "done": true
  },
  "smallships:recipes/lotr_lairelosse_rowboat": {
    "criteria": {
      "in_water": "2024-07-20 11:00:53 +0000"
    },
    "done": true
  },
  "smallships:recipes/bop_fir_rowboat": {
    "criteria": {
      "in_water": "2024-07-20 11:00:53 +0000"
    },
    "done": true
  },
  "minecraft:recipes/decorations/white_carpet": {
    "criteria": {
      "has_white_wool": "2024-07-20 11:02:24 +0000"
    },
    "done": true
  },
  "smallships:recipes/lotr_rotten_war_galley": {
    "criteria": {
      "in_water": "2024-07-20 11:00:53 +0000"
    },
    "done": true
  },
  "smallships:recipes/lotr_mirk_oak_brigg": {
    "criteria": {
      "in_water": "2024-07-20 11:00:53 +0000"
    },
    "done": true
  },
  "smallships:recipes/oak_cog": {
    "criteria": {
      "in_water": "2024-07-20 11:00:53 +0000"
    },
    "done": true
  },
  "smallships:recipes/envi_wisteria_cog": {
    "criteria": {
      "in_water": "2024-07-20 11:00:53 +0000"
    },
    "done": true
  },
  "minecraft:story/upgrade_tools": {
    "criteria": {
      "stone_pickaxe": "2024-07-20 11:05:49 +0000"
    },
    "done": true
  },
  "smallships:recipes/bop_dead_rowboat": {
    "criteria": {
      "in_water": "2024-07-20 11:00:53 +0000"
    },
    "done": true
  },
  "minecraft:recipes/transportation/oak_boat": {
    "criteria": {
      "in_water": "2024-07-20 11:00:53 +0000"
    },
    "done": true
  },
  "minecraft:recipes/decorations/blue_bed_from_white_bed": {
    "criteria": {
      "has_bed": "2024-07-20 11:18:23 +0000"
    },
    "done": true
  },
  "smallships:recipes/lotr_fir_drakkar": {
    "criteria": {
      "in_water": "2024-07-20 11:00:53 +0000"
    },
    "done": true
  },
  "smallships:recipes/dark_oak_war_galley": {
    "criteria": {
      "in_water": "2024-07-20 11:00:53 +0000"
    },
    "done": true
  },
  "mineminenomi:adventure/root": {
    "criteria": {
      "killed_something": "2024-07-20 10:56:04 +0000"
    },
    "done": true
  },
  "minecraft:recipes/building_blocks/cyan_concrete_powder": {
    "criteria": {
      "has_sand": "2024-07-20 11:01:13 +0000"
    },
    "done": true
  },
  "cfm:recipes/cfm/oak_park_bench": {
    "criteria": {
      "has_log": "2024-07-20 11:01:22 +0000"
    },
    "done": true
  },
  "smallships:recipes/envi_wisteria_rowboat": {
    "criteria": {
      "in_water": "2024-07-20 11:00:53 +0000"
    },
    "done": true
  },
  "smallships:recipes/bop_magic_cog": {
    "criteria": {
      "in_water": "2024-07-20 11:00:53 +0000"
    },
    "done": true
  },
  "minecraft:recipes/tools/wooden_axe": {
    "criteria": {
      "has_stick": "2024-07-20 11:04:19 +0000"
    },
    "done": true
  },
  "minecraft:recipes/building_blocks/lime_wool": {
    "criteria": {
      "has_white_wool": "2024-07-20 11:02:24 +0000"
    },
    "done": true
  },
  "smallships:recipes/bop_hellbark_brigg": {
    "criteria": {
      "in_water": "2024-07-20 11:00:53 +0000"
    },
    "done": true
  },
  "smallships:recipes/lotr_pine_cog": {
    "criteria": {
      "in_water": "2024-07-20 11:00:53 +0000"
    },
    "done": true
  },
  "smallships:recipes/bop_umbran_war_galley": {
    "criteria": {
      "in_water": "2024-07-20 11:00:53 +0000"
    },
    "done": true
  },
  "smallships:recipes/bop_willow_rowboat": {
    "criteria": {
      "in_water": "2024-07-20 11:00:53 +0000"
    },
    "done": true
  },
  "minecraft:recipes/building_blocks/green_wool": {
    "criteria": {
      "has_white_wool": "2024-07-20 11:02:24 +0000"
    },
    "done": true
  },
  "minecraft:recipes/building_blocks/brown_wool": {
    "criteria": {
      "has_white_wool": "2024-07-20 11:02:24 +0000"
    },
    "done": true
  },
  "smallships:recipes/lotr_cherry_galley": {
    "criteria": {
      "in_water": "2024-07-20 11:00:53 +0000"
    },
    "done": true
  },
  "smallships:recipes/envi_wisteria_dhow": {
    "criteria": {
      "in_water": "2024-07-20 11:00:53 +0000"
    },
    "done": true
  },
  "smallships:recipes/spruce_galley": {
    "criteria": {
      "in_water": "2024-07-20 11:00:53 +0000"
    },
    "done": true
  },
  "smallships:recipes/lotr_cedar_rowboat": {
    "criteria": {
      "in_water": "2024-07-20 11:00:53 +0000"
    },
    "done": true
  },
  "minecraft:recipes/decorations/painting": {
    "criteria": {
      "has_wool": "2024-07-20 11:02:24 +0000"
    },
    "done": true
  },
  "smallships:recipes/lotr_aspen_galley": {
    "criteria": {
      "in_water": "2024-07-20 11:00:53 +0000"
    },
    "done": true
  },
  "smallships:recipes/lotr_lairelosse_dhow": {
    "criteria": {
      "in_water": "2024-07-20 11:00:53 +0000"
    },
    "done": true
  },
  "smallships:recipes/bop_fir_cog": {
    "criteria": {
      "in_water": "2024-07-20 11:00:53 +0000"
    },
    "done": true
  },
  "smallships:recipes/bop_willow_drakkar": {
    "criteria": {
      "in_water": "2024-07-20 11:00:53 +0000"
    },
    "done": true
  },
  "cfm:recipes/cfm/stripped_oak_bedside_cabinet": {
    "criteria": {
      "has_planks": "2024-07-20 11:01:22 +0000"
    },
    "done": true
  },
  "minecraft:recipes/tools/stone_shovel": {
    "criteria": {
      "has_cobblestone": "2024-07-20 11:05:32 +0000"
    },
    "done": true
  },
  "smallships:recipes/acacia_galley": {
    "criteria": {
      "in_water": "2024-07-20 11:00:53 +0000"
    },
    "done": true
  },
  "smallships:recipes/spruce_rowboat": {
    "criteria": {
      "in_water": "2024-07-20 11:00:53 +0000"
    },
    "done": true
  },
  "minecraft:recipes/building_blocks/blue_concrete_powder": {
    "criteria": {
      "has_sand": "2024-07-20 11:01:13 +0000"
    },
    "done": true
  },
  "smallships:recipes/bop_mahogany_drakkar": {
    "criteria": {
      "in_water": "2024-07-20 11:00:53 +0000"
    },
    "done": true
  },
  "smallships:recipes/lotr_maple_cog": {
    "criteria": {
      "in_water": "2024-07-20 11:00:53 +0000"
    },
    "done": true
  },
  "smallships:recipes/bop_palm_galley": {
    "criteria": {
      "in_water": "2024-07-20 11:00:53 +0000"
    },
    "done": true
  },
  "smallships:recipes/birch_galley": {
    "criteria": {
      "in_water": "2024-07-20 11:00:53 +0000"
    },
    "done": true
  },
  "smallships:recipes/envi_willow_galley": {
    "criteria": {
      "in_water": "2024-07-20 11:00:53 +0000"
    },
    "done": true
  },
  "smallships:recipes/bop_palm_brigg": {
    "criteria": {
      "in_water": "2024-07-20 11:00:53 +0000"
    },
    "done": true
  },
  "cfm:recipes/cfm/oak_table": {
    "criteria": {
      "has_log": "2024-07-20 11:01:22 +0000"
    },
    "done": true
  },
  "smallships:recipes/lotr_apple_cog": {
    "criteria": {
      "in_water": "2024-07-20 11:00:53 +0000"
    },
    "done": true
  },
  "minecraft:recipes/redstone/oak_pressure_plate": {
    "criteria": {
      "has_planks": "2024-07-20 11:04:01 +0000"
    },
    "done": true
  },
  "smallships:recipes/lotr_charred_brigg": {
    "criteria": {
      "in_water": "2024-07-20 11:00:53 +0000"
    },
    "done": true
  },
  "smallships:recipes/lotr_cypress_dhow": {
    "criteria": {
      "in_water": "2024-07-20 11:00:53 +0000"
    },
    "done": true
  },
  "cfm:recipes/cfm/oak_desk": {
    "criteria": {
      "has_log": "2024-07-20 11:01:22 +0000"
    },
    "done": true
  },
  "smallships:recipes/bop_redwood_brigg": {
    "criteria": {
      "in_water": "2024-07-20 11:00:53 +0000"
    },
    "done": true
  },
  "smallships:recipes/lotr_green_oak_brigg": {
    "criteria": {
      "in_water": "2024-07-20 11:00:53 +0000"
    },
    "done": true
  },
  "smallships:recipes/lotr_pear_dhow": {
    "criteria": {
      "in_water": "2024-07-20 11:00:53 +0000"
    },
    "done": true
  },
  "smallships:recipes/lotr_cedar_drakkar": {
    "criteria": {
      "in_water": "2024-07-20 11:00:53 +0000"
    },
    "done": true
  },
  "smallships:recipes/bop_dead_cog": {
    "criteria": {
      "in_water": "2024-07-20 11:00:53 +0000"
    },
    "done": true
  },
  "minecraft:recipes/building_blocks/oak_wood": {
    "criteria": {
      "has_log": "2024-07-20 11:01:22 +0000"
    },
    "done": true
  },
  "minecraft:story/root": {
    "criteria": {
      "crafting_table": "2024-07-20 11:04:03 +0000"
    },
    "done": true
  },
  "smallships:recipes/bop_dead_galley": {
    "criteria": {
      "in_water": "2024-07-20 11:00:53 +0000"
    },
    "done": true
  },
  "smallships:recipes/bop_cherry_war_galley": {
    "criteria": {
      "in_water": "2024-07-20 11:00:53 +0000"
    },
    "done": true
  },
  "minecraft:recipes/combat/leather_chestplate": {
    "criteria": {
      "has_leather": "2024-07-20 11:02:06 +0000"
    },
    "done": true
  },
  "smallships:recipes/lotr_beech_drakkar": {
    "criteria": {
      "in_water": "2024-07-20 11:00:53 +0000"
    },
    "done": true
  },
  "minecraft:recipes/redstone/oak_button": {
    "criteria": {
      "has_planks": "2024-07-20 11:04:01 +0000"
    },
    "done": true
  },
  "smallships:recipes/lotr_holly_cog": {
    "criteria": {
      "in_water": "2024-07-20 11:00:53 +0000"
    },
    "done": true
  },
  "smallships:recipes/lotr_lairelosse_war_galley": {
    "criteria": {
      "in_water": "2024-07-20 11:00:53 +0000"
    },
    "done": true
  },
  "smallships:recipes/oak_drakkar": {
    "criteria": {
      "in_water": "2024-07-20 11:00:53 +0000"
    },
    "done": true
  },
  "smallships:recipes/bop_umbran_rowboat": {
    "criteria": {
      "in_water": "2024-07-20 11:00:53 +0000"
    },
    "done": true
  },
  "smallships:recipes/bop_willow_dhow": {
    "criteria": {
      "in_water": "2024-07-20 11:00:53 +0000"
    },
    "done": true
  },
  "cfm:recipes/cfm/oak_cabinet": {
    "criteria": {
      "has_log": "2024-07-20 11:01:22 +0000"
    },
    "done": true
  },
  "farmersdelight:recipes/farmersdelight/flint_knife": {
    "criteria": {
      "has_stick": "2024-07-20 11:04:19 +0000"
    },
    "done": true
  },
  "smallships:recipes/lotr_lebethron_rowboat": {
    "criteria": {
      "in_water": "2024-07-20 11:00:53 +0000"
    },
    "done": true
  },
  "smallships:recipes/dark_oak_rowboat": {
    "criteria": {
      "in_water": "2024-07-20 11:00:53 +0000"
    },
    "done": true
  },
  "smallships:recipes/lotr_charred_drakkar": {
    "criteria": {
      "in_water": "2024-07-20 11:00:53 +0000"
    },
    "done": true
  },
  "minecraft:recipes/food/cooked_beef": {
    "criteria": {
      "has_beef": "2024-07-20 11:02:06 +0000"
    },
    "done": true
  },
  "smallships:recipes/lotr_maple_dhow": {
    "criteria": {
      "in_water": "2024-07-20 11:00:53 +0000"
    },
    "done": true
  },
  "smallships:recipes/jungle_brigg": {
    "criteria": {
      "in_water": "2024-07-20 11:00:53 +0000"
    },
    "done": true
  },
  "smallships:recipes/lotr_green_oak_rowboat": {
    "criteria": {
      "in_water": "2024-07-20 11:00:53 +0000"
    },
    "done": true
  },
  "minecraft:recipes/redstone/oak_door": {
    "criteria": {
      "has_planks": "2024-07-20 11:04:01 +0000"
    },
    "done": true
  },
  "smallships:recipes/spruce_war_galley": {
    "criteria": {
      "in_water": "2024-07-20 11:00:53 +0000"
    },
    "done": true
  },
  "minecraft:recipes/transportation/jungle_boat": {
    "criteria": {
      "in_water": "2024-07-20 11:00:53 +0000"
    },
    "done": true
  },
  "smallships:recipes/bop_redwood_rowboat": {
    "criteria": {
      "in_water": "2024-07-20 11:00:53 +0000"
    },
    "done": true
  },
  "smallships:recipes/envi_willow_brigg": {
    "criteria": {
      "in_water": "2024-07-20 11:00:53 +0000"
    },
    "done": true
  },
  "smallships:recipes/bop_fir_dhow": {
    "criteria": {
      "in_water": "2024-07-20 11:00:53 +0000"
    },
    "done": true
  },
  "minecraft:recipes/transportation/dark_oak_boat": {
    "criteria": {
      "in_water": "2024-07-20 11:00:53 +0000"
    },
    "done": true
  },
  "minecraft:recipes/building_blocks/pink_wool": {
    "criteria": {
      "has_white_wool": "2024-07-20 11:02:24 +0000"
    },
    "done": true
  },
  "smallships:recipes/lotr_pine_drakkar": {
    "criteria": {
      "in_water": "2024-07-20 11:00:53 +0000"
    },
    "done": true
  },
  "smallships:recipes/birch_rowboat": {
    "criteria": {
      "in_water": "2024-07-20 11:00:53 +0000"
    },
    "done": true
  },
  "smallships:recipes/bop_mahogany_war_galley": {
    "criteria": {
      "in_water": "2024-07-20 11:00:53 +0000"
    },
    "done": true
  },
  "minecraft:recipes/decorations/brown_bed_from_white_bed": {
    "criteria": {
      "has_bed": "2024-07-20 11:18:23 +0000"
    },
    "done": true
  },
  "smallships:recipes/bop_magic_drakkar": {
    "criteria": {
      "in_water": "2024-07-20 11:00:53 +0000"
    },
    "done": true
  },
  "smallships:recipes/lotr_cherry_cog": {
    "criteria": {
      "in_water": "2024-07-20 11:00:53 +0000"
    },
    "done": true
  },
  "smallships:recipes/bop_dead_drakkar": {
    "criteria": {
      "in_water": "2024-07-20 11:00:53 +0000"
    },
    "done": true
  },
  "cfm:recipes/cfm/stone_chair": {
    "criteria": {
      "has_planks": "2024-07-20 11:05:32 +0000"
    },
    "done": true
  },
  "smallships:recipes/lotr_cedar_war_galley": {
    "criteria": {
      "in_water": "2024-07-20 11:00:53 +0000"
    },
    "done": true
  },
  "cfm:recipes/cfm/stone_bedside_cabinet": {
    "criteria": {
      "has_planks": "2024-07-20 11:05:32 +0000"
    },
    "done": true
  },
  "cfm:recipes/cfm/oak_upgraded_fence": {
    "criteria": {
      "has_log": "2024-07-20 11:01:22 +0000"
    },
    "done": true
  },
  "smallships:recipes/bop_hellbark_galley": {
    "criteria": {
      "in_water": "2024-07-20 11:00:53 +0000"
    },
    "done": true
  },
  "smallships:recipes/acacia_dhow": {
    "criteria": {
      "in_water": "2024-07-20 11:00:53 +0000"
    },
    "done": true
  },
  "smallships:recipes/lotr_holly_rowboat": {
    "criteria": {
      "in_water": "2024-07-20 11:00:53 +0000"
    },
    "done": true
  },
  "minecraft:recipes/food/cooked_beef_from_campfire_cooking": {
    "criteria": {
      "has_beef": "2024-07-20 11:02:06 +0000"
    },
    "done": true
  },
  "smallships:recipes/lotr_pear_brigg": {
    "criteria": {
      "in_water": "2024-07-20 11:00:53 +0000"
    },
    "done": true
  },
  "smallships:recipes/envi_cherry_cog": {
    "criteria": {
      "in_water": "2024-07-20 11:00:53 +0000"
    },
    "done": true
  },
  "smallships:recipes/lotr_lairelosse_brigg": {
    "criteria": {
      "in_water": "2024-07-20 11:00:53 +0000"
    },
    "done": true
  },
  "smallships:recipes/lotr_lebethron_brigg": {
    "criteria": {
      "in_water": "2024-07-20 11:00:53 +0000"
    },
    "done": true
  },
  "minecraft:recipes/decorations/soul_campfire": {
    "criteria": {
      "has_stick": "2024-07-20 11:04:19 +0000"
    },
    "done": true
  },
  "smallships:recipes/lotr_maple_galley": {
    "criteria": {
      "in_water": "2024-07-20 11:00:53 +0000"
    },
    "done": true
  },
  "mineminenomi:recipes/equipment/medic_bag": {
    "criteria": {
      "has_leather": "2024-07-20 11:02:06 +0000"
    },
    "done": true
  },
  "smallships:recipes/lotr_cypress_cog": {
    "criteria": {
      "in_water": "2024-07-20 11:00:53 +0000"
    },
    "done": true
  },
  "minecraft:recipes/decorations/light_gray_bed_from_white_bed": {
    "criteria": {
      "has_bed": "2024-07-20 11:18:23 +0000"
    },
    "done": true
  },
  "cfm:recipes/cfm/oak_kitchen_sink_light": {
    "criteria": {
      "has_bottom": "2024-07-20 11:04:01 +0000"
    },
    "done": true
  },
  "cfm:recipes/cfm/oak_coffee_table": {
    "criteria": {
      "has_log": "2024-07-20 11:01:22 +0000"
    },
    "done": true
  },
  "DataVersion": 2586
}