{
  "farmersdelight:main/root": {
    "criteria": {
      "seeds": "2024-07-20 10:49:05 +0000"
    },
    "done": true
  },
  "minecraft:adventure/root": {
    "criteria": {
      "killed_by_something": "2024-07-20 10:56:17 +0000"
    },
    "done": true
  },
  "lootr:root": {
    "criteria": {
      "always_true": "2024-07-20 10:49:06 +0000"
    },
    "done": true
  },
  "mineminenomi:adventure/root": {
    "criteria": {
      "killed_by_something": "2024-07-20 10:56:17 +0000"
    },
    "done": true
  },
  "minecraft:adventure/adventuring_time": {
    "criteria": {
      "minecraft:forest": "2024-07-20 10:49:41 +0000",
      "minecraft:wooded_hills": "2024-07-20 10:51:23 +0000",
      "minecraft:plains": "2024-07-20 10:49:05 +0000"
    },
    "done": false
  },
  "DataVersion": 2586
}